2025-06-11 23:22:58,944 [Worker-6: Loading available Gradle versions] INFO  o.e.b.c.i.u.g.PublishedGradleVersions - Gradle version information cache is not available. Remote download required.
2025-06-12 08:35:49,789 [Worker-0: Loading available Gradle versions] INFO  o.e.b.c.i.u.g.PublishedGradleVersions - Gradle version information cache is up-to-date. Trying to read.
2025-06-12 17:25:44,393 [Worker-2: Loading available Gradle versions] INFO  o.e.b.c.i.u.g.PublishedGradleVersions - Gradle version information cache is up-to-date. Trying to read.
2025-06-13 08:29:05,829 [Worker-1: Loading available Gradle versions] INFO  o.e.b.c.i.u.g.PublishedGradleVersions - Gradle version information cache is out-of-date. Trying to update.
2025-06-13 16:39:43,881 [Worker-4: Loading available Gradle versions] INFO  o.e.b.c.i.u.g.PublishedGradleVersions - Gradle version information cache is up-to-date. Trying to read.
2025-06-15 16:09:43,546 [Worker-3: Loading available Gradle versions] INFO  o.e.b.c.i.u.g.PublishedGradleVersions - Gradle version information cache is out-of-date. Trying to update.
2025-06-16 08:11:28,558 [Worker-3: Loading available Gradle versions] INFO  o.e.b.c.i.u.g.PublishedGradleVersions - Gradle version information cache is up-to-date. Trying to read.
2025-06-17 08:35:39,449 [Worker-2: Loading available Gradle versions] INFO  o.e.b.c.i.u.g.PublishedGradleVersions - Gradle version information cache is out-of-date. Trying to update.
2025-06-18 20:14:24,730 [Worker-2: Loading available Gradle versions] INFO  o.e.b.c.i.u.g.PublishedGradleVersions - Gradle version information cache is out-of-date. Trying to update.
2025-06-20 08:29:38,876 [Worker-1: Loading available Gradle versions] INFO  o.e.b.c.i.u.g.PublishedGradleVersions - Gradle version information cache is out-of-date. Trying to update.
2025-06-20 16:32:16,721 [Worker-1: Loading available Gradle versions] INFO  o.e.b.c.i.u.g.PublishedGradleVersions - Gradle version information cache is up-to-date. Trying to read.
2025-06-20 22:52:32,402 [Worker-4: Loading available Gradle versions] INFO  o.e.b.c.i.u.g.PublishedGradleVersions - Gradle version information cache is up-to-date. Trying to read.
2025-06-21 08:38:33,853 [Worker-5: Loading available Gradle versions] INFO  o.e.b.c.i.u.g.PublishedGradleVersions - Gradle version information cache is out-of-date. Trying to update.
2025-06-22 12:20:59,796 [Worker-3: Loading available Gradle versions] INFO  o.e.b.c.i.u.g.PublishedGradleVersions - Gradle version information cache is out-of-date. Trying to update.
2025-06-22 13:35:27,175 [Worker-1: Loading available Gradle versions] INFO  o.e.b.c.i.u.g.PublishedGradleVersions - Gradle version information cache is up-to-date. Trying to read.
2025-06-22 15:24:11,933 [Worker-5: Loading available Gradle versions] INFO  o.e.b.c.i.u.g.PublishedGradleVersions - Gradle version information cache is up-to-date. Trying to read.
2025-06-22 23:26:59,502 [Worker-1: Loading available Gradle versions] INFO  o.e.b.c.i.u.g.PublishedGradleVersions - Gradle version information cache is up-to-date. Trying to read.
2025-06-23 00:37:44,784 [Worker-3: Loading available Gradle versions] INFO  o.e.b.c.i.u.g.PublishedGradleVersions - Gradle version information cache is up-to-date. Trying to read.
2025-06-23 00:45:06,654 [Worker-5: Loading available Gradle versions] INFO  o.e.b.c.i.u.g.PublishedGradleVersions - Gradle version information cache is up-to-date. Trying to read.
2025-06-23 01:02:03,863 [Worker-2: Loading available Gradle versions] INFO  o.e.b.c.i.u.g.PublishedGradleVersions - Gradle version information cache is up-to-date. Trying to read.
2025-06-23 08:33:24,560 [Worker-5: Loading available Gradle versions] INFO  o.e.b.c.i.u.g.PublishedGradleVersions - Gradle version information cache is up-to-date. Trying to read.
2025-06-23 17:25:08,462 [Worker-3: Loading available Gradle versions] INFO  o.e.b.c.i.u.g.PublishedGradleVersions - Gradle version information cache is out-of-date. Trying to update.
2025-06-23 23:23:32,516 [Worker-5: Loading available Gradle versions] INFO  o.e.b.c.i.u.g.PublishedGradleVersions - Gradle version information cache is up-to-date. Trying to read.
2025-06-24 16:09:54,124 [Worker-5: Loading available Gradle versions] INFO  o.e.b.c.i.u.g.PublishedGradleVersions - Gradle version information cache is up-to-date. Trying to read.
2025-06-24 20:54:36,351 [Worker-1: Loading available Gradle versions] INFO  o.e.b.c.i.u.g.PublishedGradleVersions - Gradle version information cache is out-of-date. Trying to update.
2025-06-25 08:38:24,590 [Worker-4: Loading available Gradle versions] INFO  o.e.b.c.i.u.g.PublishedGradleVersions - Gradle version information cache is up-to-date. Trying to read.
2025-06-25 08:49:43,574 [Worker-4: Loading available Gradle versions] INFO  o.e.b.c.i.u.g.PublishedGradleVersions - Gradle version information cache is up-to-date. Trying to read.
2025-06-25 10:51:11,716 [Worker-2: Loading available Gradle versions] INFO  o.e.b.c.i.u.g.PublishedGradleVersions - Gradle version information cache is up-to-date. Trying to read.
2025-06-25 20:46:39,257 [Worker-4: Loading available Gradle versions] INFO  o.e.b.c.i.u.g.PublishedGradleVersions - Gradle version information cache is up-to-date. Trying to read.
2025-06-26 08:36:53,625 [Worker-6: Loading available Gradle versions] INFO  o.e.b.c.i.u.g.PublishedGradleVersions - Gradle version information cache is out-of-date. Trying to update.
2025-06-26 18:51:48,736 [Worker-1: Loading available Gradle versions] INFO  o.e.b.c.i.u.g.PublishedGradleVersions - Gradle version information cache is up-to-date. Trying to read.
2025-06-27 08:29:40,444 [Worker-6: Loading available Gradle versions] INFO  o.e.b.c.i.u.g.PublishedGradleVersions - Gradle version information cache is up-to-date. Trying to read.
2025-06-27 17:43:45,459 [Worker-4: Loading available Gradle versions] INFO  o.e.b.c.i.u.g.PublishedGradleVersions - Gradle version information cache is out-of-date. Trying to update.
2025-06-28 08:31:33,358 [Worker-4: Loading available Gradle versions] INFO  o.e.b.c.i.u.g.PublishedGradleVersions - Gradle version information cache is up-to-date. Trying to read.
2025-06-28 10:03:33,931 [Worker-5: Loading available Gradle versions] INFO  o.e.b.c.i.u.g.PublishedGradleVersions - Gradle version information cache is up-to-date. Trying to read.
2025-06-30 08:35:37,538 [Worker-3: Loading available Gradle versions] INFO  o.e.b.c.i.u.g.PublishedGradleVersions - Gradle version information cache is out-of-date. Trying to update.
2025-06-30 17:04:37,882 [Worker-5: Loading available Gradle versions] INFO  o.e.b.c.i.u.g.PublishedGradleVersions - Gradle version information cache is up-to-date. Trying to read.
2025-06-30 21:04:14,520 [Worker-81: Debug Source Lookup] INFO  o.e.m.c.i.e.AbstractTransferListenerAdapter - Downloading https://repo.maven.apache.org/maven2/com/google/auto/service/auto-service-annotations/1.1.1/auto-service-annotations-1.1.1-sources.jar
2025-06-30 21:04:14,562 [Worker-81: Debug Source Lookup] INFO  o.e.m.c.i.e.AbstractTransferListenerAdapter - Downloaded https://repo.maven.apache.org/maven2/com/google/auto/service/auto-service-annotations/1.1.1/auto-service-annotations-1.1.1-sources.jar
2025-06-30 21:04:14,670 [Worker-81: Debug Source Lookup] INFO  o.e.m.c.i.e.AbstractTransferListenerAdapter - Downloading https://repo.maven.apache.org/maven2/com/google/errorprone/error_prone_annotations/2.38.0/error_prone_annotations-2.38.0-sources.jar
2025-06-30 21:04:14,788 [Worker-81: Debug Source Lookup] INFO  o.e.m.c.i.e.AbstractTransferListenerAdapter - Downloaded https://repo.maven.apache.org/maven2/com/google/errorprone/error_prone_annotations/2.38.0/error_prone_annotations-2.38.0-sources.jar
2025-06-30 21:04:14,882 [Worker-81: Debug Source Lookup] INFO  o.e.m.c.i.e.AbstractTransferListenerAdapter - Downloading https://repo.maven.apache.org/maven2/com/google/guava/failureaccess/1.0.3/failureaccess-1.0.3-sources.jar
2025-06-30 21:04:14,915 [Worker-81: Debug Source Lookup] INFO  o.e.m.c.i.e.AbstractTransferListenerAdapter - Downloaded https://repo.maven.apache.org/maven2/com/google/guava/failureaccess/1.0.3/failureaccess-1.0.3-sources.jar
2025-06-30 21:04:15,009 [Worker-81: Debug Source Lookup] INFO  o.e.m.c.i.e.AbstractTransferListenerAdapter - Downloading https://repo.maven.apache.org/maven2/com/google/guava/guava/33.4.8-jre/guava-33.4.8-jre-sources.jar
2025-06-30 21:04:16,638 [Worker-81: Debug Source Lookup] INFO  o.e.m.c.i.e.AbstractTransferListenerAdapter - Downloaded https://repo.maven.apache.org/maven2/com/google/guava/guava/33.4.8-jre/guava-33.4.8-jre-sources.jar
2025-06-30 21:04:16,715 [Worker-81: Debug Source Lookup] INFO  o.e.m.c.i.e.AbstractTransferListenerAdapter - Downloaded https://repo.maven.apache.org/maven2/com/google/guava/listenablefuture/9999.0-empty-to-avoid-conflict-with-guava/listenablefuture-9999.0-empty-to-avoid-conflict-with-guava-sources.jar
2025-06-30 21:04:16,804 [Worker-81: Debug Source Lookup] INFO  o.e.m.c.i.e.AbstractTransferListenerAdapter - Downloading https://repo.maven.apache.org/maven2/com/google/j2objc/j2objc-annotations/3.0.0/j2objc-annotations-3.0.0-sources.jar
2025-06-30 21:04:16,874 [Worker-81: Debug Source Lookup] INFO  o.e.m.c.i.e.AbstractTransferListenerAdapter - Downloaded https://repo.maven.apache.org/maven2/com/google/j2objc/j2objc-annotations/3.0.0/j2objc-annotations-3.0.0-sources.jar
2025-06-30 21:04:16,968 [Worker-81: Debug Source Lookup] INFO  o.e.m.c.i.e.AbstractTransferListenerAdapter - Downloading https://repo.maven.apache.org/maven2/dev/failsafe/failsafe/3.3.2/failsafe-3.3.2-sources.jar
2025-06-30 21:04:17,382 [Worker-81: Debug Source Lookup] INFO  o.e.m.c.i.e.AbstractTransferListenerAdapter - Downloaded https://repo.maven.apache.org/maven2/dev/failsafe/failsafe/3.3.2/failsafe-3.3.2-sources.jar
2025-06-30 21:04:17,464 [Worker-81: Debug Source Lookup] INFO  o.e.m.c.i.e.AbstractTransferListenerAdapter - Downloading https://repo.maven.apache.org/maven2/eu/neilalexander/jnacl/1.0.0/jnacl-1.0.0-sources.jar
2025-06-30 21:04:17,524 [Worker-81: Debug Source Lookup] INFO  o.e.m.c.i.e.AbstractTransferListenerAdapter - Downloaded https://repo.maven.apache.org/maven2/eu/neilalexander/jnacl/1.0.0/jnacl-1.0.0-sources.jar
2025-06-30 21:04:17,608 [Worker-81: Debug Source Lookup] INFO  o.e.m.c.i.e.AbstractTransferListenerAdapter - Downloading https://repo.maven.apache.org/maven2/io/netty/netty-buffer/4.1.121.Final/netty-buffer-4.1.121.Final-sources.jar
2025-06-30 21:04:18,305 [Worker-81: Debug Source Lookup] INFO  o.e.m.c.i.e.AbstractTransferListenerAdapter - Downloaded https://repo.maven.apache.org/maven2/io/netty/netty-buffer/4.1.121.Final/netty-buffer-4.1.121.Final-sources.jar
2025-06-30 21:04:18,378 [Worker-81: Debug Source Lookup] INFO  o.e.m.c.i.e.AbstractTransferListenerAdapter - Downloading https://repo.maven.apache.org/maven2/io/netty/netty-codec-http/4.1.121.Final/netty-codec-http-4.1.121.Final-sources.jar
2025-06-30 21:04:19,746 [Worker-81: Debug Source Lookup] INFO  o.e.m.c.i.e.AbstractTransferListenerAdapter - Downloaded https://repo.maven.apache.org/maven2/io/netty/netty-codec-http/4.1.121.Final/netty-codec-http-4.1.121.Final-sources.jar
2025-06-30 21:04:19,834 [Worker-81: Debug Source Lookup] INFO  o.e.m.c.i.e.AbstractTransferListenerAdapter - Downloading https://repo.maven.apache.org/maven2/io/netty/netty-codec/4.1.121.Final/netty-codec-4.1.121.Final-sources.jar
2025-06-30 21:04:21,124 [Worker-81: Debug Source Lookup] INFO  o.e.m.c.i.e.AbstractTransferListenerAdapter - Downloaded https://repo.maven.apache.org/maven2/io/netty/netty-codec/4.1.121.Final/netty-codec-4.1.121.Final-sources.jar
2025-06-30 21:04:21,216 [Worker-81: Debug Source Lookup] INFO  o.e.m.c.i.e.AbstractTransferListenerAdapter - Downloading https://repo.maven.apache.org/maven2/io/netty/netty-common/4.1.121.Final/netty-common-4.1.121.Final-sources.jar
2025-06-30 21:04:21,818 [Worker-81: Debug Source Lookup] INFO  o.e.m.c.i.e.AbstractTransferListenerAdapter - Downloaded https://repo.maven.apache.org/maven2/io/netty/netty-common/4.1.121.Final/netty-common-4.1.121.Final-sources.jar
2025-06-30 21:04:21,897 [Worker-81: Debug Source Lookup] INFO  o.e.m.c.i.e.AbstractTransferListenerAdapter - Downloading https://repo.maven.apache.org/maven2/io/netty/netty-handler/4.1.121.Final/netty-handler-4.1.121.Final-sources.jar
2025-06-30 21:04:23,057 [Worker-81: Debug Source Lookup] INFO  o.e.m.c.i.e.AbstractTransferListenerAdapter - Downloaded https://repo.maven.apache.org/maven2/io/netty/netty-handler/4.1.121.Final/netty-handler-4.1.121.Final-sources.jar
2025-06-30 21:04:23,138 [Worker-81: Debug Source Lookup] INFO  o.e.m.c.i.e.AbstractTransferListenerAdapter - Downloading https://repo.maven.apache.org/maven2/io/netty/netty-resolver/4.1.121.Final/netty-resolver-4.1.121.Final-sources.jar
2025-06-30 21:04:23,245 [Worker-81: Debug Source Lookup] INFO  o.e.m.c.i.e.AbstractTransferListenerAdapter - Downloaded https://repo.maven.apache.org/maven2/io/netty/netty-resolver/4.1.121.Final/netty-resolver-4.1.121.Final-sources.jar
2025-06-30 21:04:23,328 [Worker-81: Debug Source Lookup] INFO  o.e.m.c.i.e.AbstractTransferListenerAdapter - Downloading https://repo.maven.apache.org/maven2/io/netty/netty-transport-native-unix-common/4.1.121.Final/netty-transport-native-unix-common-4.1.121.Final-sources.jar
2025-06-30 21:04:23,597 [Worker-81: Debug Source Lookup] INFO  o.e.m.c.i.e.AbstractTransferListenerAdapter - Downloaded https://repo.maven.apache.org/maven2/io/netty/netty-transport-native-unix-common/4.1.121.Final/netty-transport-native-unix-common-4.1.121.Final-sources.jar
2025-06-30 21:04:23,687 [Worker-81: Debug Source Lookup] INFO  o.e.m.c.i.e.AbstractTransferListenerAdapter - Downloading https://repo.maven.apache.org/maven2/io/netty/netty-transport/4.1.121.Final/netty-transport-4.1.121.Final-sources.jar
2025-06-30 21:04:24,734 [Worker-81: Debug Source Lookup] INFO  o.e.m.c.i.e.AbstractTransferListenerAdapter - Downloaded https://repo.maven.apache.org/maven2/io/netty/netty-transport/4.1.121.Final/netty-transport-4.1.121.Final-sources.jar
2025-06-30 21:04:24,827 [Worker-81: Debug Source Lookup] INFO  o.e.m.c.i.e.AbstractTransferListenerAdapter - Downloading https://repo.maven.apache.org/maven2/net/bytebuddy/byte-buddy/1.17.5/byte-buddy-1.17.5-sources.jar
2025-06-30 21:04:25,497 [Worker-81: Debug Source Lookup] INFO  o.e.m.c.i.e.AbstractTransferListenerAdapter - Downloaded https://repo.maven.apache.org/maven2/net/bytebuddy/byte-buddy/1.17.5/byte-buddy-1.17.5-sources.jar
2025-06-30 21:04:25,574 [Worker-81: Debug Source Lookup] INFO  o.e.m.c.i.e.AbstractTransferListenerAdapter - Downloading https://repo.maven.apache.org/maven2/org/antlr/antlr4-runtime/4.11.1/antlr4-runtime-4.11.1-sources.jar
2025-06-30 21:04:26,851 [Worker-81: Debug Source Lookup] INFO  o.e.m.c.i.e.AbstractTransferListenerAdapter - Downloaded https://repo.maven.apache.org/maven2/org/antlr/antlr4-runtime/4.11.1/antlr4-runtime-4.11.1-sources.jar
2025-06-30 21:04:26,929 [Worker-81: Debug Source Lookup] INFO  o.e.m.c.i.e.AbstractTransferListenerAdapter - Downloading https://repo.maven.apache.org/maven2/org/apache/commons/commons-exec/1.4.0/commons-exec-1.4.0-sources.jar
2025-06-30 21:04:27,152 [Worker-81: Debug Source Lookup] INFO  o.e.m.c.i.e.AbstractTransferListenerAdapter - Downloaded https://repo.maven.apache.org/maven2/org/apache/commons/commons-exec/1.4.0/commons-exec-1.4.0-sources.jar
2025-06-30 21:04:27,232 [Worker-81: Debug Source Lookup] INFO  o.e.m.c.i.e.AbstractTransferListenerAdapter - Downloading https://repo.maven.apache.org/maven2/org/jctools/jctools-core/4.0.5/jctools-core-4.0.5-sources.jar
2025-06-30 21:04:28,175 [Worker-81: Debug Source Lookup] INFO  o.e.m.c.i.e.AbstractTransferListenerAdapter - Downloaded https://repo.maven.apache.org/maven2/org/jctools/jctools-core/4.0.5/jctools-core-4.0.5-sources.jar
2025-06-30 21:04:28,291 [Worker-81: Debug Source Lookup] INFO  o.e.m.c.i.e.AbstractTransferListenerAdapter - Downloading https://repo.maven.apache.org/maven2/org/slf4j/slf4j-api/2.0.17/slf4j-api-2.0.17-sources.jar
2025-06-30 21:04:28,599 [Worker-81: Debug Source Lookup] INFO  o.e.m.c.i.e.AbstractTransferListenerAdapter - Downloaded https://repo.maven.apache.org/maven2/org/slf4j/slf4j-api/2.0.17/slf4j-api-2.0.17-sources.jar
2025-06-30 21:04:28,690 [Worker-81: Debug Source Lookup] INFO  o.e.m.c.i.e.AbstractTransferListenerAdapter - Downloading https://repo.maven.apache.org/maven2/org/slf4j/slf4j-jdk14/2.0.17/slf4j-jdk14-2.0.17-sources.jar
2025-06-30 21:04:28,719 [Worker-81: Debug Source Lookup] INFO  o.e.m.c.i.e.AbstractTransferListenerAdapter - Downloaded https://repo.maven.apache.org/maven2/org/slf4j/slf4j-jdk14/2.0.17/slf4j-jdk14-2.0.17-sources.jar
2025-06-30 21:04:28,788 [Worker-81: Debug Source Lookup] INFO  o.e.m.c.i.e.AbstractTransferListenerAdapter - Downloading https://repo.maven.apache.org/maven2/org/zeromq/jeromq/0.6.0/jeromq-0.6.0-sources.jar
2025-06-30 21:04:29,518 [Worker-81: Debug Source Lookup] INFO  o.e.m.c.i.e.AbstractTransferListenerAdapter - Downloaded https://repo.maven.apache.org/maven2/org/zeromq/jeromq/0.6.0/jeromq-0.6.0-sources.jar
2025-07-01 08:33:12,858 [Worker-1: Loading available Gradle versions] INFO  o.e.b.c.i.u.g.PublishedGradleVersions - Gradle version information cache is up-to-date. Trying to read.
2025-07-01 12:39:58,536 [Worker-3: Loading available Gradle versions] INFO  o.e.b.c.i.u.g.PublishedGradleVersions - Gradle version information cache is out-of-date. Trying to update.
2025-07-02 08:43:58,506 [Worker-1: Loading available Gradle versions] INFO  o.e.b.c.i.u.g.PublishedGradleVersions - Gradle version information cache is up-to-date. Trying to read.
2025-07-02 13:00:35,992 [Worker-5: Loading available Gradle versions] INFO  o.e.b.c.i.u.g.PublishedGradleVersions - Gradle version information cache is out-of-date. Trying to update.
2025-07-02 13:00:37,905 [Worker-5: Loading available Gradle versions] INFO  o.e.b.c.i.u.g.PublishedGradleVersions - Updating Gradle version information cache failed. Using outdated cache.
2025-07-02 13:05:41,189 [Worker-4: Loading available Gradle versions] INFO  o.e.b.c.i.u.g.PublishedGradleVersions - Gradle version information cache is out-of-date. Trying to update.
2025-07-03 08:39:55,482 [Worker-1: Loading available Gradle versions] INFO  o.e.b.c.i.u.g.PublishedGradleVersions - Gradle version information cache is up-to-date. Trying to read.
2025-07-03 15:03:10,925 [Worker-6: Loading available Gradle versions] INFO  o.e.b.c.i.u.g.PublishedGradleVersions - Gradle version information cache is out-of-date. Trying to update.
2025-07-04 16:38:12,836 [Worker-25: Loading available Gradle versions] INFO  o.e.b.c.i.u.g.PublishedGradleVersions - Gradle version information cache is out-of-date. Trying to update.
2025-07-04 19:59:47,957 [Worker-57: Creating project "YatraCalendarAutomation"] INFO  o.e.m.c.i.e.AbstractTransferListenerAdapter - Downloading https://repo.maven.apache.org/maven2/org/codehaus/plexus/plexus-compiler-api/2.15.0/plexus-compiler-api-2.15.0.jar
2025-07-04 19:59:48,060 [Worker-57: Creating project "YatraCalendarAutomation"] INFO  o.e.m.c.i.e.AbstractTransferListenerAdapter - Downloaded https://repo.maven.apache.org/maven2/org/codehaus/plexus/plexus-compiler-api/2.15.0/plexus-compiler-api-2.15.0.jar
2025-07-04 19:59:48,106 [BasicRepositoryConnector-repo.maven.apache.org-0-1] INFO  o.e.m.c.i.e.AbstractTransferListenerAdapter - Downloading https://repo.maven.apache.org/maven2/org/codehaus/plexus/plexus-xml/3.0.0/plexus-xml-3.0.0.jar
2025-07-04 19:59:48,255 [BasicRepositoryConnector-repo.maven.apache.org-0-0] INFO  o.e.m.c.i.e.AbstractTransferListenerAdapter - Downloading https://repo.maven.apache.org/maven2/org/codehaus/plexus/plexus-compiler-manager/2.15.0/plexus-compiler-manager-2.15.0.jar
2025-07-04 19:59:48,269 [BasicRepositoryConnector-repo.maven.apache.org-0-3] INFO  o.e.m.c.i.e.AbstractTransferListenerAdapter - Downloading https://repo.maven.apache.org/maven2/org/codehaus/plexus/plexus-utils/4.0.0/plexus-utils-4.0.0.jar
2025-07-04 19:59:48,296 [BasicRepositoryConnector-repo.maven.apache.org-0-0] INFO  o.e.m.c.i.e.AbstractTransferListenerAdapter - Downloaded https://repo.maven.apache.org/maven2/org/codehaus/plexus/plexus-compiler-manager/2.15.0/plexus-compiler-manager-2.15.0.jar
2025-07-04 19:59:48,308 [BasicRepositoryConnector-repo.maven.apache.org-0-2] INFO  o.e.m.c.i.e.AbstractTransferListenerAdapter - Downloading https://repo.maven.apache.org/maven2/org/codehaus/plexus/plexus-compiler-javac/2.15.0/plexus-compiler-javac-2.15.0.jar
2025-07-04 19:59:48,357 [BasicRepositoryConnector-repo.maven.apache.org-0-1] INFO  o.e.m.c.i.e.AbstractTransferListenerAdapter - Downloaded https://repo.maven.apache.org/maven2/org/codehaus/plexus/plexus-xml/3.0.0/plexus-xml-3.0.0.jar
2025-07-04 19:59:48,424 [BasicRepositoryConnector-repo.maven.apache.org-0-2] INFO  o.e.m.c.i.e.AbstractTransferListenerAdapter - Downloaded https://repo.maven.apache.org/maven2/org/codehaus/plexus/plexus-compiler-javac/2.15.0/plexus-compiler-javac-2.15.0.jar
2025-07-04 19:59:48,728 [BasicRepositoryConnector-repo.maven.apache.org-0-3] INFO  o.e.m.c.i.e.AbstractTransferListenerAdapter - Downloaded https://repo.maven.apache.org/maven2/org/codehaus/plexus/plexus-utils/4.0.0/plexus-utils-4.0.0.jar
2025-07-04 19:59:49,856 [Worker-57: Creating project "YatraCalendarAutomation"] INFO  o.e.m.c.i.l.LifecycleMappingFactory - Using org.eclipse.m2e.jdt.JarLifecycleMapping lifecycle mapping for MavenProject: YatraCalendarAutomation:YatraCalendarAutomation:0.0.1-SNAPSHOT @ D:\VINAYAK\Vinayak_SeleniumDemos\YatraCalendarAutomation\pom.xml.
2025-07-04 19:59:50,572 [Worker-57: Creating project "YatraCalendarAutomation"] INFO  o.e.m.c.i.e.AbstractTransferListenerAdapter - Downloading https://repo.maven.apache.org/maven2/commons-io/commons-io/2.16.1/commons-io-2.16.1.jar
2025-07-04 19:59:51,457 [Worker-57: Creating project "YatraCalendarAutomation"] INFO  o.e.m.c.i.e.AbstractTransferListenerAdapter - Downloaded https://repo.maven.apache.org/maven2/commons-io/commons-io/2.16.1/commons-io-2.16.1.jar
2025-07-04 19:59:51,520 [BasicRepositoryConnector-repo.maven.apache.org-1-0] INFO  o.e.m.c.i.e.AbstractTransferListenerAdapter - Downloading https://repo.maven.apache.org/maven2/org/codehaus/plexus/plexus-archiver/4.9.2/plexus-archiver-4.9.2.jar
2025-07-04 19:59:51,527 [BasicRepositoryConnector-repo.maven.apache.org-1-2] INFO  o.e.m.c.i.e.AbstractTransferListenerAdapter - Downloading https://repo.maven.apache.org/maven2/org/apache/commons/commons-compress/1.26.1/commons-compress-1.26.1.jar
2025-07-04 19:59:51,529 [BasicRepositoryConnector-repo.maven.apache.org-1-3] INFO  o.e.m.c.i.e.AbstractTransferListenerAdapter - Downloading https://repo.maven.apache.org/maven2/org/apache/commons/commons-lang3/3.14.0/commons-lang3-3.14.0.jar
2025-07-04 19:59:51,535 [BasicRepositoryConnector-repo.maven.apache.org-1-1] INFO  o.e.m.c.i.e.AbstractTransferListenerAdapter - Downloading https://repo.maven.apache.org/maven2/org/codehaus/plexus/plexus-io/3.4.2/plexus-io-3.4.2.jar
2025-07-04 19:59:52,002 [BasicRepositoryConnector-repo.maven.apache.org-1-4] INFO  o.e.m.c.i.e.AbstractTransferListenerAdapter - Downloading https://repo.maven.apache.org/maven2/commons-codec/commons-codec/1.16.1/commons-codec-1.16.1.jar
2025-07-04 19:59:52,028 [BasicRepositoryConnector-repo.maven.apache.org-1-1] INFO  o.e.m.c.i.e.AbstractTransferListenerAdapter - Downloaded https://repo.maven.apache.org/maven2/org/codehaus/plexus/plexus-io/3.4.2/plexus-io-3.4.2.jar
2025-07-04 19:59:52,206 [BasicRepositoryConnector-repo.maven.apache.org-1-1] INFO  o.e.m.c.i.e.AbstractTransferListenerAdapter - Downloading https://repo.maven.apache.org/maven2/com/github/luben/zstd-jni/1.5.5-11/zstd-jni-1.5.5-11.jar
2025-07-04 19:59:52,335 [BasicRepositoryConnector-repo.maven.apache.org-1-0] INFO  o.e.m.c.i.e.AbstractTransferListenerAdapter - Downloaded https://repo.maven.apache.org/maven2/org/codehaus/plexus/plexus-archiver/4.9.2/plexus-archiver-4.9.2.jar
2025-07-04 19:59:53,419 [BasicRepositoryConnector-repo.maven.apache.org-1-3] INFO  o.e.m.c.i.e.AbstractTransferListenerAdapter - Downloaded https://repo.maven.apache.org/maven2/org/apache/commons/commons-lang3/3.14.0/commons-lang3-3.14.0.jar
2025-07-04 19:59:53,599 [BasicRepositoryConnector-repo.maven.apache.org-1-4] INFO  o.e.m.c.i.e.AbstractTransferListenerAdapter - Downloaded https://repo.maven.apache.org/maven2/commons-codec/commons-codec/1.16.1/commons-codec-1.16.1.jar
2025-07-04 19:59:54,197 [BasicRepositoryConnector-repo.maven.apache.org-1-2] INFO  o.e.m.c.i.e.AbstractTransferListenerAdapter - Downloaded https://repo.maven.apache.org/maven2/org/apache/commons/commons-compress/1.26.1/commons-compress-1.26.1.jar
2025-07-04 20:00:01,133 [BasicRepositoryConnector-repo.maven.apache.org-1-1] INFO  o.e.m.c.i.e.AbstractTransferListenerAdapter - Downloaded https://repo.maven.apache.org/maven2/com/github/luben/zstd-jni/1.5.5-11/zstd-jni-1.5.5-11.jar
2025-07-04 20:00:02,750 [Worker-57: Creating project "YatraCalendarAutomation"] INFO  o.e.m.c.i.e.AbstractTransferListenerAdapter - Downloading https://repo.maven.apache.org/maven2/org/codehaus/plexus/plexus-utils/3.5.1/plexus-utils-3.5.1.jar
2025-07-04 20:00:03,462 [Worker-57: Creating project "YatraCalendarAutomation"] INFO  o.e.m.c.i.e.AbstractTransferListenerAdapter - Downloaded https://repo.maven.apache.org/maven2/org/codehaus/plexus/plexus-utils/3.5.1/plexus-utils-3.5.1.jar
2025-07-04 20:00:03,524 [BasicRepositoryConnector-repo.maven.apache.org-2-0] INFO  o.e.m.c.i.e.AbstractTransferListenerAdapter - Downloading https://repo.maven.apache.org/maven2/org/apache/maven/shared/maven-filtering/3.3.1/maven-filtering-3.3.1.jar
2025-07-04 20:00:03,695 [BasicRepositoryConnector-repo.maven.apache.org-2-0] INFO  o.e.m.c.i.e.AbstractTransferListenerAdapter - Downloaded https://repo.maven.apache.org/maven2/org/apache/maven/shared/maven-filtering/3.3.1/maven-filtering-3.3.1.jar
2025-07-04 20:00:03,904 [Worker-57: Creating project "YatraCalendarAutomation"] INFO  o.e.m.j.i.AbstractJavaProjectConfigurator - Adding source folder /YatraCalendarAutomation/src/main/java
2025-07-04 20:00:03,915 [Worker-57: Creating project "YatraCalendarAutomation"] INFO  o.e.m.j.i.AbstractJavaProjectConfigurator - Adding resource folder /YatraCalendarAutomation/src/main/resources
2025-07-04 20:00:03,917 [Worker-57: Creating project "YatraCalendarAutomation"] INFO  o.e.m.j.i.AbstractJavaProjectConfigurator - Adding source folder /YatraCalendarAutomation/src/test/java
2025-07-04 20:00:03,919 [Worker-57: Creating project "YatraCalendarAutomation"] INFO  o.e.m.j.i.AbstractJavaProjectConfigurator - Adding resource folder /YatraCalendarAutomation/src/test/resources
2025-07-04 20:00:05,100 [Worker-60: Building] WARN  o.a.m.s.f.DefaultMavenResourcesFiltering - Using platform encoding (UTF-8 actually) to copy filtered resources, i.e. build is platform dependent!
2025-07-04 20:00:05,119 [Worker-60: Building] INFO  o.a.m.s.f.DefaultMavenResourcesFiltering - Copying 0 resource from src\main\resources to target\classes
2025-07-04 20:00:05,132 [Worker-60: Building] WARN  o.a.m.s.f.DefaultMavenResourcesFiltering - Using platform encoding (UTF-8 actually) to copy filtered resources, i.e. build is platform dependent!
2025-07-04 20:00:05,137 [Worker-60: Building] INFO  o.a.m.s.f.DefaultMavenResourcesFiltering - Copying 0 resource from src\test\resources to target\test-classes
2025-07-04 20:01:49,347 [Worker-56: Building] WARN  o.a.m.s.f.DefaultMavenResourcesFiltering - Using platform encoding (UTF-8 actually) to copy filtered resources, i.e. build is platform dependent!
2025-07-04 20:01:49,352 [Worker-56: Building] INFO  o.a.m.s.f.DefaultMavenResourcesFiltering - Copying 0 resource from src\main\resources to target\classes
2025-07-04 20:01:49,361 [Worker-56: Building] WARN  o.a.m.s.f.DefaultMavenResourcesFiltering - Using platform encoding (UTF-8 actually) to copy filtered resources, i.e. build is platform dependent!
2025-07-04 20:01:49,365 [Worker-56: Building] INFO  o.a.m.s.f.DefaultMavenResourcesFiltering - Copying 0 resource from src\test\resources to target\test-classes
2025-07-04 20:06:43,078 [Worker-64: Building] INFO  o.e.m.c.i.l.LifecycleMappingFactory - Using org.eclipse.m2e.jdt.JarLifecycleMapping lifecycle mapping for MavenProject: YatraCalendarAutomation:YatraCalendarAutomation:0.0.1-SNAPSHOT @ D:\VINAYAK\Vinayak_SeleniumDemos\YatraCalendarAutomation\pom.xml.
2025-07-04 20:06:43,271 [Worker-64: Building] INFO  o.e.m.c.i.e.AbstractTransferListenerAdapter - Downloading https://repo.maven.apache.org/maven2/org/seleniumhq/selenium/selenium-java/4.33.0/selenium-java-4.33.0.pom
2025-07-04 20:06:43,294 [Worker-64: Building] INFO  o.e.m.c.i.e.AbstractTransferListenerAdapter - Downloaded https://repo.maven.apache.org/maven2/org/seleniumhq/selenium/selenium-java/4.33.0/selenium-java-4.33.0.pom
2025-07-04 20:06:43,361 [Worker-64: Building] INFO  o.e.m.c.i.e.AbstractTransferListenerAdapter - Downloading https://repo.maven.apache.org/maven2/org/seleniumhq/selenium/selenium-api/4.33.0/selenium-api-4.33.0.pom
2025-07-04 20:06:43,381 [Worker-64: Building] INFO  o.e.m.c.i.e.AbstractTransferListenerAdapter - Downloaded https://repo.maven.apache.org/maven2/org/seleniumhq/selenium/selenium-api/4.33.0/selenium-api-4.33.0.pom
2025-07-04 20:06:43,439 [Worker-64: Building] INFO  o.e.m.c.i.e.AbstractTransferListenerAdapter - Downloading https://repo.maven.apache.org/maven2/org/jspecify/jspecify/1.0.0/jspecify-1.0.0.pom
2025-07-04 20:06:43,463 [Worker-64: Building] INFO  o.e.m.c.i.e.AbstractTransferListenerAdapter - Downloaded https://repo.maven.apache.org/maven2/org/jspecify/jspecify/1.0.0/jspecify-1.0.0.pom
2025-07-04 20:06:43,519 [Worker-64: Building] INFO  o.e.m.c.i.e.AbstractTransferListenerAdapter - Downloading https://repo.maven.apache.org/maven2/org/seleniumhq/selenium/selenium-chrome-driver/4.33.0/selenium-chrome-driver-4.33.0.pom
2025-07-04 20:06:43,550 [Worker-64: Building] INFO  o.e.m.c.i.e.AbstractTransferListenerAdapter - Downloaded https://repo.maven.apache.org/maven2/org/seleniumhq/selenium/selenium-chrome-driver/4.33.0/selenium-chrome-driver-4.33.0.pom
2025-07-04 20:06:43,620 [Worker-64: Building] INFO  o.e.m.c.i.e.AbstractTransferListenerAdapter - Downloading https://repo.maven.apache.org/maven2/com/google/auto/service/auto-service-annotations/1.1.1/auto-service-annotations-1.1.1.pom
2025-07-04 20:06:43,642 [Worker-64: Building] INFO  o.e.m.c.i.e.AbstractTransferListenerAdapter - Downloaded https://repo.maven.apache.org/maven2/com/google/auto/service/auto-service-annotations/1.1.1/auto-service-annotations-1.1.1.pom
2025-07-04 20:06:43,698 [Worker-64: Building] INFO  o.e.m.c.i.e.AbstractTransferListenerAdapter - Downloading https://repo.maven.apache.org/maven2/com/google/auto/service/auto-service-aggregator/1.1.1/auto-service-aggregator-1.1.1.pom
2025-07-04 20:06:43,723 [Worker-64: Building] INFO  o.e.m.c.i.e.AbstractTransferListenerAdapter - Downloaded https://repo.maven.apache.org/maven2/com/google/auto/service/auto-service-aggregator/1.1.1/auto-service-aggregator-1.1.1.pom
2025-07-04 20:06:43,799 [Worker-64: Building] INFO  o.e.m.c.i.e.AbstractTransferListenerAdapter - Downloading https://repo.maven.apache.org/maven2/org/seleniumhq/selenium/selenium-chromium-driver/4.33.0/selenium-chromium-driver-4.33.0.pom
2025-07-04 20:06:43,825 [Worker-64: Building] INFO  o.e.m.c.i.e.AbstractTransferListenerAdapter - Downloaded https://repo.maven.apache.org/maven2/org/seleniumhq/selenium/selenium-chromium-driver/4.33.0/selenium-chromium-driver-4.33.0.pom
2025-07-04 20:06:43,907 [Worker-64: Building] INFO  o.e.m.c.i.e.AbstractTransferListenerAdapter - Downloading https://repo.maven.apache.org/maven2/org/seleniumhq/selenium/selenium-json/4.33.0/selenium-json-4.33.0.pom
2025-07-04 20:06:43,932 [Worker-64: Building] INFO  o.e.m.c.i.e.AbstractTransferListenerAdapter - Downloaded https://repo.maven.apache.org/maven2/org/seleniumhq/selenium/selenium-json/4.33.0/selenium-json-4.33.0.pom
2025-07-04 20:06:43,993 [Worker-64: Building] INFO  o.e.m.c.i.e.AbstractTransferListenerAdapter - Downloading https://repo.maven.apache.org/maven2/org/seleniumhq/selenium/selenium-remote-driver/4.33.0/selenium-remote-driver-4.33.0.pom
2025-07-04 20:06:44,016 [Worker-64: Building] INFO  o.e.m.c.i.e.AbstractTransferListenerAdapter - Downloaded https://repo.maven.apache.org/maven2/org/seleniumhq/selenium/selenium-remote-driver/4.33.0/selenium-remote-driver-4.33.0.pom
2025-07-04 20:06:44,086 [Worker-64: Building] INFO  o.e.m.c.i.e.AbstractTransferListenerAdapter - Downloading https://repo.maven.apache.org/maven2/com/google/guava/guava/33.4.8-jre/guava-33.4.8-jre.pom
2025-07-04 20:06:44,169 [Worker-64: Building] INFO  o.e.m.c.i.e.AbstractTransferListenerAdapter - Downloaded https://repo.maven.apache.org/maven2/com/google/guava/guava/33.4.8-jre/guava-33.4.8-jre.pom
2025-07-04 20:06:44,240 [Worker-64: Building] INFO  o.e.m.c.i.e.AbstractTransferListenerAdapter - Downloading https://repo.maven.apache.org/maven2/com/google/guava/guava-parent/33.4.8-jre/guava-parent-33.4.8-jre.pom
2025-07-04 20:06:44,316 [Worker-64: Building] INFO  o.e.m.c.i.e.AbstractTransferListenerAdapter - Downloaded https://repo.maven.apache.org/maven2/com/google/guava/guava-parent/33.4.8-jre/guava-parent-33.4.8-jre.pom
2025-07-04 20:06:44,390 [Worker-64: Building] INFO  o.e.m.c.i.e.AbstractTransferListenerAdapter - Downloading https://repo.maven.apache.org/maven2/com/google/guava/failureaccess/1.0.3/failureaccess-1.0.3.pom
2025-07-04 20:06:44,418 [Worker-64: Building] INFO  o.e.m.c.i.e.AbstractTransferListenerAdapter - Downloaded https://repo.maven.apache.org/maven2/com/google/guava/failureaccess/1.0.3/failureaccess-1.0.3.pom
2025-07-04 20:06:44,481 [Worker-64: Building] INFO  o.e.m.c.i.e.AbstractTransferListenerAdapter - Downloading https://repo.maven.apache.org/maven2/com/google/guava/guava-parent/33.4.0-android/guava-parent-33.4.0-android.pom
2025-07-04 20:06:44,531 [Worker-64: Building] INFO  o.e.m.c.i.e.AbstractTransferListenerAdapter - Downloaded https://repo.maven.apache.org/maven2/com/google/guava/guava-parent/33.4.0-android/guava-parent-33.4.0-android.pom
2025-07-04 20:06:44,599 [Worker-64: Building] INFO  o.e.m.c.i.e.AbstractTransferListenerAdapter - Downloading https://repo.maven.apache.org/maven2/com/google/guava/listenablefuture/9999.0-empty-to-avoid-conflict-with-guava/listenablefuture-9999.0-empty-to-avoid-conflict-with-guava.pom
2025-07-04 20:06:44,627 [Worker-64: Building] INFO  o.e.m.c.i.e.AbstractTransferListenerAdapter - Downloaded https://repo.maven.apache.org/maven2/com/google/guava/listenablefuture/9999.0-empty-to-avoid-conflict-with-guava/listenablefuture-9999.0-empty-to-avoid-conflict-with-guava.pom
2025-07-04 20:06:44,701 [Worker-64: Building] INFO  o.e.m.c.i.e.AbstractTransferListenerAdapter - Downloading https://repo.maven.apache.org/maven2/com/google/guava/guava-parent/26.0-android/guava-parent-26.0-android.pom
2025-07-04 20:06:44,733 [Worker-64: Building] INFO  o.e.m.c.i.e.AbstractTransferListenerAdapter - Downloaded https://repo.maven.apache.org/maven2/com/google/guava/guava-parent/26.0-android/guava-parent-26.0-android.pom
2025-07-04 20:06:44,790 [Worker-64: Building] INFO  o.e.m.c.i.e.AbstractTransferListenerAdapter - Downloading https://repo.maven.apache.org/maven2/com/google/errorprone/error_prone_annotations/2.36.0/error_prone_annotations-2.36.0.pom
2025-07-04 20:06:44,815 [Worker-64: Building] INFO  o.e.m.c.i.e.AbstractTransferListenerAdapter - Downloaded https://repo.maven.apache.org/maven2/com/google/errorprone/error_prone_annotations/2.36.0/error_prone_annotations-2.36.0.pom
2025-07-04 20:06:44,882 [Worker-64: Building] INFO  o.e.m.c.i.e.AbstractTransferListenerAdapter - Downloading https://repo.maven.apache.org/maven2/com/google/errorprone/error_prone_parent/2.36.0/error_prone_parent-2.36.0.pom
2025-07-04 20:06:44,920 [Worker-64: Building] INFO  o.e.m.c.i.e.AbstractTransferListenerAdapter - Downloaded https://repo.maven.apache.org/maven2/com/google/errorprone/error_prone_parent/2.36.0/error_prone_parent-2.36.0.pom
2025-07-04 20:06:44,980 [Worker-64: Building] INFO  o.e.m.c.i.e.AbstractTransferListenerAdapter - Downloading https://repo.maven.apache.org/maven2/com/google/j2objc/j2objc-annotations/3.0.0/j2objc-annotations-3.0.0.pom
2025-07-04 20:06:45,015 [Worker-64: Building] INFO  o.e.m.c.i.e.AbstractTransferListenerAdapter - Downloaded https://repo.maven.apache.org/maven2/com/google/j2objc/j2objc-annotations/3.0.0/j2objc-annotations-3.0.0.pom
2025-07-04 20:06:45,081 [Worker-64: Building] INFO  o.e.m.c.i.e.AbstractTransferListenerAdapter - Downloading https://repo.maven.apache.org/maven2/io/opentelemetry/opentelemetry-api/1.50.0/opentelemetry-api-1.50.0.pom
2025-07-04 20:06:45,103 [Worker-64: Building] INFO  o.e.m.c.i.e.AbstractTransferListenerAdapter - Downloaded https://repo.maven.apache.org/maven2/io/opentelemetry/opentelemetry-api/1.50.0/opentelemetry-api-1.50.0.pom
2025-07-04 20:06:45,175 [Worker-64: Building] INFO  o.e.m.c.i.e.AbstractTransferListenerAdapter - Downloading https://repo.maven.apache.org/maven2/io/opentelemetry/opentelemetry-context/1.50.0/opentelemetry-context-1.50.0.pom
2025-07-04 20:06:45,198 [Worker-64: Building] INFO  o.e.m.c.i.e.AbstractTransferListenerAdapter - Downloaded https://repo.maven.apache.org/maven2/io/opentelemetry/opentelemetry-context/1.50.0/opentelemetry-context-1.50.0.pom
2025-07-04 20:06:45,270 [Worker-64: Building] INFO  o.e.m.c.i.e.AbstractTransferListenerAdapter - Downloading https://repo.maven.apache.org/maven2/io/opentelemetry/opentelemetry-exporter-logging/1.50.0/opentelemetry-exporter-logging-1.50.0.pom
2025-07-04 20:06:45,300 [Worker-64: Building] INFO  o.e.m.c.i.e.AbstractTransferListenerAdapter - Downloaded https://repo.maven.apache.org/maven2/io/opentelemetry/opentelemetry-exporter-logging/1.50.0/opentelemetry-exporter-logging-1.50.0.pom
2025-07-04 20:06:45,356 [Worker-64: Building] INFO  o.e.m.c.i.e.AbstractTransferListenerAdapter - Downloading https://repo.maven.apache.org/maven2/io/opentelemetry/opentelemetry-sdk/1.50.0/opentelemetry-sdk-1.50.0.pom
2025-07-04 20:06:45,379 [Worker-64: Building] INFO  o.e.m.c.i.e.AbstractTransferListenerAdapter - Downloaded https://repo.maven.apache.org/maven2/io/opentelemetry/opentelemetry-sdk/1.50.0/opentelemetry-sdk-1.50.0.pom
2025-07-04 20:06:45,439 [Worker-64: Building] INFO  o.e.m.c.i.e.AbstractTransferListenerAdapter - Downloading https://repo.maven.apache.org/maven2/io/opentelemetry/opentelemetry-sdk-common/1.50.0/opentelemetry-sdk-common-1.50.0.pom
2025-07-04 20:06:45,462 [Worker-64: Building] INFO  o.e.m.c.i.e.AbstractTransferListenerAdapter - Downloaded https://repo.maven.apache.org/maven2/io/opentelemetry/opentelemetry-sdk-common/1.50.0/opentelemetry-sdk-common-1.50.0.pom
2025-07-04 20:06:45,522 [Worker-64: Building] INFO  o.e.m.c.i.e.AbstractTransferListenerAdapter - Downloading https://repo.maven.apache.org/maven2/io/opentelemetry/opentelemetry-sdk-trace/1.50.0/opentelemetry-sdk-trace-1.50.0.pom
2025-07-04 20:06:45,546 [Worker-64: Building] INFO  o.e.m.c.i.e.AbstractTransferListenerAdapter - Downloaded https://repo.maven.apache.org/maven2/io/opentelemetry/opentelemetry-sdk-trace/1.50.0/opentelemetry-sdk-trace-1.50.0.pom
2025-07-04 20:06:45,607 [Worker-64: Building] INFO  o.e.m.c.i.e.AbstractTransferListenerAdapter - Downloading https://repo.maven.apache.org/maven2/io/opentelemetry/opentelemetry-sdk-metrics/1.50.0/opentelemetry-sdk-metrics-1.50.0.pom
2025-07-04 20:06:45,630 [Worker-64: Building] INFO  o.e.m.c.i.e.AbstractTransferListenerAdapter - Downloaded https://repo.maven.apache.org/maven2/io/opentelemetry/opentelemetry-sdk-metrics/1.50.0/opentelemetry-sdk-metrics-1.50.0.pom
2025-07-04 20:06:45,697 [Worker-64: Building] INFO  o.e.m.c.i.e.AbstractTransferListenerAdapter - Downloading https://repo.maven.apache.org/maven2/io/opentelemetry/opentelemetry-sdk-logs/1.50.0/opentelemetry-sdk-logs-1.50.0.pom
2025-07-04 20:06:45,723 [Worker-64: Building] INFO  o.e.m.c.i.e.AbstractTransferListenerAdapter - Downloaded https://repo.maven.apache.org/maven2/io/opentelemetry/opentelemetry-sdk-logs/1.50.0/opentelemetry-sdk-logs-1.50.0.pom
2025-07-04 20:06:45,801 [Worker-64: Building] INFO  o.e.m.c.i.e.AbstractTransferListenerAdapter - Downloading https://repo.maven.apache.org/maven2/io/opentelemetry/opentelemetry-sdk-extension-autoconfigure-spi/1.50.0/opentelemetry-sdk-extension-autoconfigure-spi-1.50.0.pom
2025-07-04 20:06:45,824 [Worker-64: Building] INFO  o.e.m.c.i.e.AbstractTransferListenerAdapter - Downloaded https://repo.maven.apache.org/maven2/io/opentelemetry/opentelemetry-sdk-extension-autoconfigure-spi/1.50.0/opentelemetry-sdk-extension-autoconfigure-spi-1.50.0.pom
2025-07-04 20:06:45,898 [Worker-64: Building] INFO  o.e.m.c.i.e.AbstractTransferListenerAdapter - Downloading https://repo.maven.apache.org/maven2/io/opentelemetry/opentelemetry-sdk-extension-autoconfigure/1.50.0/opentelemetry-sdk-extension-autoconfigure-1.50.0.pom
2025-07-04 20:06:45,923 [Worker-64: Building] INFO  o.e.m.c.i.e.AbstractTransferListenerAdapter - Downloaded https://repo.maven.apache.org/maven2/io/opentelemetry/opentelemetry-sdk-extension-autoconfigure/1.50.0/opentelemetry-sdk-extension-autoconfigure-1.50.0.pom
2025-07-04 20:06:45,997 [Worker-64: Building] INFO  o.e.m.c.i.e.AbstractTransferListenerAdapter - Downloading https://repo.maven.apache.org/maven2/net/bytebuddy/byte-buddy/1.17.5/byte-buddy-1.17.5.pom
2025-07-04 20:06:46,032 [Worker-64: Building] INFO  o.e.m.c.i.e.AbstractTransferListenerAdapter - Downloaded https://repo.maven.apache.org/maven2/net/bytebuddy/byte-buddy/1.17.5/byte-buddy-1.17.5.pom
2025-07-04 20:06:46,098 [Worker-64: Building] INFO  o.e.m.c.i.e.AbstractTransferListenerAdapter - Downloading https://repo.maven.apache.org/maven2/net/bytebuddy/byte-buddy-parent/1.17.5/byte-buddy-parent-1.17.5.pom
2025-07-04 20:06:46,197 [Worker-64: Building] INFO  o.e.m.c.i.e.AbstractTransferListenerAdapter - Downloaded https://repo.maven.apache.org/maven2/net/bytebuddy/byte-buddy-parent/1.17.5/byte-buddy-parent-1.17.5.pom
2025-07-04 20:06:46,266 [Worker-64: Building] INFO  o.e.m.c.i.e.AbstractTransferListenerAdapter - Downloading https://repo.maven.apache.org/maven2/org/seleniumhq/selenium/selenium-http/4.33.0/selenium-http-4.33.0.pom
2025-07-04 20:06:46,296 [Worker-64: Building] INFO  o.e.m.c.i.e.AbstractTransferListenerAdapter - Downloaded https://repo.maven.apache.org/maven2/org/seleniumhq/selenium/selenium-http/4.33.0/selenium-http-4.33.0.pom
2025-07-04 20:06:46,381 [Worker-64: Building] INFO  o.e.m.c.i.e.AbstractTransferListenerAdapter - Downloading https://repo.maven.apache.org/maven2/org/seleniumhq/selenium/selenium-manager/4.33.0/selenium-manager-4.33.0.pom
2025-07-04 20:06:46,407 [Worker-64: Building] INFO  o.e.m.c.i.e.AbstractTransferListenerAdapter - Downloaded https://repo.maven.apache.org/maven2/org/seleniumhq/selenium/selenium-manager/4.33.0/selenium-manager-4.33.0.pom
2025-07-04 20:06:46,472 [Worker-64: Building] INFO  o.e.m.c.i.e.AbstractTransferListenerAdapter - Downloading https://repo.maven.apache.org/maven2/org/seleniumhq/selenium/selenium-os/4.33.0/selenium-os-4.33.0.pom
2025-07-04 20:06:46,494 [Worker-64: Building] INFO  o.e.m.c.i.e.AbstractTransferListenerAdapter - Downloaded https://repo.maven.apache.org/maven2/org/seleniumhq/selenium/selenium-os/4.33.0/selenium-os-4.33.0.pom
2025-07-04 20:06:46,559 [Worker-64: Building] INFO  o.e.m.c.i.e.AbstractTransferListenerAdapter - Downloading https://repo.maven.apache.org/maven2/org/apache/commons/commons-exec/1.4.0/commons-exec-1.4.0.pom
2025-07-04 20:06:46,588 [Worker-64: Building] INFO  o.e.m.c.i.e.AbstractTransferListenerAdapter - Downloaded https://repo.maven.apache.org/maven2/org/apache/commons/commons-exec/1.4.0/commons-exec-1.4.0.pom
2025-07-04 20:06:46,691 [Worker-64: Building] INFO  o.e.m.c.i.e.AbstractTransferListenerAdapter - Downloading https://repo.maven.apache.org/maven2/org/seleniumhq/selenium/selenium-devtools-v135/4.33.0/selenium-devtools-v135-4.33.0.pom
2025-07-04 20:06:46,724 [Worker-64: Building] INFO  o.e.m.c.i.e.AbstractTransferListenerAdapter - Downloaded https://repo.maven.apache.org/maven2/org/seleniumhq/selenium/selenium-devtools-v135/4.33.0/selenium-devtools-v135-4.33.0.pom
2025-07-04 20:06:46,788 [Worker-64: Building] INFO  o.e.m.c.i.e.AbstractTransferListenerAdapter - Downloading https://repo.maven.apache.org/maven2/org/seleniumhq/selenium/selenium-devtools-v136/4.33.0/selenium-devtools-v136-4.33.0.pom
2025-07-04 20:06:46,809 [Worker-64: Building] INFO  o.e.m.c.i.e.AbstractTransferListenerAdapter - Downloaded https://repo.maven.apache.org/maven2/org/seleniumhq/selenium/selenium-devtools-v136/4.33.0/selenium-devtools-v136-4.33.0.pom
2025-07-04 20:06:46,870 [Worker-64: Building] INFO  o.e.m.c.i.e.AbstractTransferListenerAdapter - Downloading https://repo.maven.apache.org/maven2/org/seleniumhq/selenium/selenium-devtools-v137/4.33.0/selenium-devtools-v137-4.33.0.pom
2025-07-04 20:06:46,891 [Worker-64: Building] INFO  o.e.m.c.i.e.AbstractTransferListenerAdapter - Downloaded https://repo.maven.apache.org/maven2/org/seleniumhq/selenium/selenium-devtools-v137/4.33.0/selenium-devtools-v137-4.33.0.pom
2025-07-04 20:06:46,958 [Worker-64: Building] INFO  o.e.m.c.i.e.AbstractTransferListenerAdapter - Downloading https://repo.maven.apache.org/maven2/org/seleniumhq/selenium/selenium-edge-driver/4.33.0/selenium-edge-driver-4.33.0.pom
2025-07-04 20:06:46,984 [Worker-64: Building] INFO  o.e.m.c.i.e.AbstractTransferListenerAdapter - Downloaded https://repo.maven.apache.org/maven2/org/seleniumhq/selenium/selenium-edge-driver/4.33.0/selenium-edge-driver-4.33.0.pom
2025-07-04 20:06:47,046 [Worker-64: Building] INFO  o.e.m.c.i.e.AbstractTransferListenerAdapter - Downloading https://repo.maven.apache.org/maven2/org/seleniumhq/selenium/selenium-firefox-driver/4.33.0/selenium-firefox-driver-4.33.0.pom
2025-07-04 20:06:47,073 [Worker-64: Building] INFO  o.e.m.c.i.e.AbstractTransferListenerAdapter - Downloaded https://repo.maven.apache.org/maven2/org/seleniumhq/selenium/selenium-firefox-driver/4.33.0/selenium-firefox-driver-4.33.0.pom
2025-07-04 20:06:47,159 [Worker-64: Building] INFO  o.e.m.c.i.e.AbstractTransferListenerAdapter - Downloading https://repo.maven.apache.org/maven2/org/seleniumhq/selenium/selenium-ie-driver/4.33.0/selenium-ie-driver-4.33.0.pom
2025-07-04 20:06:47,182 [Worker-64: Building] INFO  o.e.m.c.i.e.AbstractTransferListenerAdapter - Downloaded https://repo.maven.apache.org/maven2/org/seleniumhq/selenium/selenium-ie-driver/4.33.0/selenium-ie-driver-4.33.0.pom
2025-07-04 20:06:47,243 [Worker-64: Building] INFO  o.e.m.c.i.e.AbstractTransferListenerAdapter - Downloading https://repo.maven.apache.org/maven2/org/seleniumhq/selenium/selenium-safari-driver/4.33.0/selenium-safari-driver-4.33.0.pom
2025-07-04 20:06:47,267 [Worker-64: Building] INFO  o.e.m.c.i.e.AbstractTransferListenerAdapter - Downloaded https://repo.maven.apache.org/maven2/org/seleniumhq/selenium/selenium-safari-driver/4.33.0/selenium-safari-driver-4.33.0.pom
2025-07-04 20:06:47,340 [Worker-64: Building] INFO  o.e.m.c.i.e.AbstractTransferListenerAdapter - Downloading https://repo.maven.apache.org/maven2/org/seleniumhq/selenium/selenium-support/4.33.0/selenium-support-4.33.0.pom
2025-07-04 20:06:47,363 [Worker-64: Building] INFO  o.e.m.c.i.e.AbstractTransferListenerAdapter - Downloaded https://repo.maven.apache.org/maven2/org/seleniumhq/selenium/selenium-support/4.33.0/selenium-support-4.33.0.pom
2025-07-04 20:06:47,462 [Worker-64: Building] INFO  o.e.m.c.i.e.AbstractTransferListenerAdapter - Downloading https://repo.maven.apache.org/maven2/org/seleniumhq/selenium/selenium-java/4.33.0/selenium-java-4.33.0.jar
2025-07-04 20:06:47,483 [Worker-64: Building] INFO  o.e.m.c.i.e.AbstractTransferListenerAdapter - Downloaded https://repo.maven.apache.org/maven2/org/seleniumhq/selenium/selenium-java/4.33.0/selenium-java-4.33.0.jar
2025-07-04 20:06:47,529 [BasicRepositoryConnector-repo.maven.apache.org-3-0] INFO  o.e.m.c.i.e.AbstractTransferListenerAdapter - Downloading https://repo.maven.apache.org/maven2/org/seleniumhq/selenium/selenium-api/4.33.0/selenium-api-4.33.0.jar
2025-07-04 20:06:47,803 [BasicRepositoryConnector-repo.maven.apache.org-3-1] INFO  o.e.m.c.i.e.AbstractTransferListenerAdapter - Downloading https://repo.maven.apache.org/maven2/org/jspecify/jspecify/1.0.0/jspecify-1.0.0.jar
2025-07-04 20:06:47,815 [BasicRepositoryConnector-repo.maven.apache.org-3-2] INFO  o.e.m.c.i.e.AbstractTransferListenerAdapter - Downloading https://repo.maven.apache.org/maven2/org/seleniumhq/selenium/selenium-chrome-driver/4.33.0/selenium-chrome-driver-4.33.0.jar
2025-07-04 20:06:47,830 [BasicRepositoryConnector-repo.maven.apache.org-3-4] INFO  o.e.m.c.i.e.AbstractTransferListenerAdapter - Downloading https://repo.maven.apache.org/maven2/org/seleniumhq/selenium/selenium-chromium-driver/4.33.0/selenium-chromium-driver-4.33.0.jar
2025-07-04 20:06:47,843 [BasicRepositoryConnector-repo.maven.apache.org-3-1] INFO  o.e.m.c.i.e.AbstractTransferListenerAdapter - Downloaded https://repo.maven.apache.org/maven2/org/jspecify/jspecify/1.0.0/jspecify-1.0.0.jar
2025-07-04 20:06:47,869 [BasicRepositoryConnector-repo.maven.apache.org-3-2] INFO  o.e.m.c.i.e.AbstractTransferListenerAdapter - Downloaded https://repo.maven.apache.org/maven2/org/seleniumhq/selenium/selenium-chrome-driver/4.33.0/selenium-chrome-driver-4.33.0.jar
2025-07-04 20:06:47,892 [BasicRepositoryConnector-repo.maven.apache.org-3-1] INFO  o.e.m.c.i.e.AbstractTransferListenerAdapter - Downloading https://repo.maven.apache.org/maven2/org/seleniumhq/selenium/selenium-json/4.33.0/selenium-json-4.33.0.jar
2025-07-04 20:06:47,937 [BasicRepositoryConnector-repo.maven.apache.org-3-2] INFO  o.e.m.c.i.e.AbstractTransferListenerAdapter - Downloading https://repo.maven.apache.org/maven2/org/seleniumhq/selenium/selenium-manager/4.33.0/selenium-manager-4.33.0.jar
2025-07-04 20:06:47,967 [BasicRepositoryConnector-repo.maven.apache.org-3-4] INFO  o.e.m.c.i.e.AbstractTransferListenerAdapter - Downloaded https://repo.maven.apache.org/maven2/org/seleniumhq/selenium/selenium-chromium-driver/4.33.0/selenium-chromium-driver-4.33.0.jar
2025-07-04 20:06:48,091 [BasicRepositoryConnector-repo.maven.apache.org-3-4] INFO  o.e.m.c.i.e.AbstractTransferListenerAdapter - Downloading https://repo.maven.apache.org/maven2/org/seleniumhq/selenium/selenium-devtools-v135/4.33.0/selenium-devtools-v135-4.33.0.jar
2025-07-04 20:06:48,188 [BasicRepositoryConnector-repo.maven.apache.org-3-1] INFO  o.e.m.c.i.e.AbstractTransferListenerAdapter - Downloaded https://repo.maven.apache.org/maven2/org/seleniumhq/selenium/selenium-json/4.33.0/selenium-json-4.33.0.jar
2025-07-04 20:06:48,253 [BasicRepositoryConnector-repo.maven.apache.org-3-3] INFO  o.e.m.c.i.e.AbstractTransferListenerAdapter - Downloading https://repo.maven.apache.org/maven2/com/google/auto/service/auto-service-annotations/1.1.1/auto-service-annotations-1.1.1.jar
2025-07-04 20:06:48,282 [BasicRepositoryConnector-repo.maven.apache.org-3-3] INFO  o.e.m.c.i.e.AbstractTransferListenerAdapter - Downloaded https://repo.maven.apache.org/maven2/com/google/auto/service/auto-service-annotations/1.1.1/auto-service-annotations-1.1.1.jar
2025-07-04 20:06:48,404 [BasicRepositoryConnector-repo.maven.apache.org-3-1] INFO  o.e.m.c.i.e.AbstractTransferListenerAdapter - Downloading https://repo.maven.apache.org/maven2/org/seleniumhq/selenium/selenium-devtools-v136/4.33.0/selenium-devtools-v136-4.33.0.jar
2025-07-04 20:06:48,472 [BasicRepositoryConnector-repo.maven.apache.org-3-0] INFO  o.e.m.c.i.e.AbstractTransferListenerAdapter - Downloaded https://repo.maven.apache.org/maven2/org/seleniumhq/selenium/selenium-api/4.33.0/selenium-api-4.33.0.jar
2025-07-04 20:06:48,580 [BasicRepositoryConnector-repo.maven.apache.org-3-3] INFO  o.e.m.c.i.e.AbstractTransferListenerAdapter - Downloading https://repo.maven.apache.org/maven2/org/seleniumhq/selenium/selenium-devtools-v137/4.33.0/selenium-devtools-v137-4.33.0.jar
2025-07-04 20:06:48,788 [BasicRepositoryConnector-repo.maven.apache.org-3-0] INFO  o.e.m.c.i.e.AbstractTransferListenerAdapter - Downloading https://repo.maven.apache.org/maven2/org/seleniumhq/selenium/selenium-edge-driver/4.33.0/selenium-edge-driver-4.33.0.jar
2025-07-04 20:06:48,832 [BasicRepositoryConnector-repo.maven.apache.org-3-0] INFO  o.e.m.c.i.e.AbstractTransferListenerAdapter - Downloaded https://repo.maven.apache.org/maven2/org/seleniumhq/selenium/selenium-edge-driver/4.33.0/selenium-edge-driver-4.33.0.jar
2025-07-04 20:06:49,089 [BasicRepositoryConnector-repo.maven.apache.org-3-0] INFO  o.e.m.c.i.e.AbstractTransferListenerAdapter - Downloading https://repo.maven.apache.org/maven2/org/seleniumhq/selenium/selenium-firefox-driver/4.33.0/selenium-firefox-driver-4.33.0.jar
2025-07-04 20:06:49,629 [BasicRepositoryConnector-repo.maven.apache.org-3-0] INFO  o.e.m.c.i.e.AbstractTransferListenerAdapter - Downloaded https://repo.maven.apache.org/maven2/org/seleniumhq/selenium/selenium-firefox-driver/4.33.0/selenium-firefox-driver-4.33.0.jar
2025-07-04 20:06:49,865 [BasicRepositoryConnector-repo.maven.apache.org-3-0] INFO  o.e.m.c.i.e.AbstractTransferListenerAdapter - Downloading https://repo.maven.apache.org/maven2/org/seleniumhq/selenium/selenium-http/4.33.0/selenium-http-4.33.0.jar
2025-07-04 20:06:51,287 [BasicRepositoryConnector-repo.maven.apache.org-3-0] INFO  o.e.m.c.i.e.AbstractTransferListenerAdapter - Downloaded https://repo.maven.apache.org/maven2/org/seleniumhq/selenium/selenium-http/4.33.0/selenium-http-4.33.0.jar
2025-07-04 20:06:51,457 [BasicRepositoryConnector-repo.maven.apache.org-3-0] INFO  o.e.m.c.i.e.AbstractTransferListenerAdapter - Downloading https://repo.maven.apache.org/maven2/org/seleniumhq/selenium/selenium-ie-driver/4.33.0/selenium-ie-driver-4.33.0.jar
2025-07-04 20:06:51,553 [BasicRepositoryConnector-repo.maven.apache.org-3-0] INFO  o.e.m.c.i.e.AbstractTransferListenerAdapter - Downloaded https://repo.maven.apache.org/maven2/org/seleniumhq/selenium/selenium-ie-driver/4.33.0/selenium-ie-driver-4.33.0.jar
2025-07-04 20:06:51,715 [BasicRepositoryConnector-repo.maven.apache.org-3-0] INFO  o.e.m.c.i.e.AbstractTransferListenerAdapter - Downloading https://repo.maven.apache.org/maven2/org/seleniumhq/selenium/selenium-remote-driver/4.33.0/selenium-remote-driver-4.33.0.jar
2025-07-04 20:06:54,340 [BasicRepositoryConnector-repo.maven.apache.org-3-0] INFO  o.e.m.c.i.e.AbstractTransferListenerAdapter - Downloaded https://repo.maven.apache.org/maven2/org/seleniumhq/selenium/selenium-remote-driver/4.33.0/selenium-remote-driver-4.33.0.jar
2025-07-04 20:06:54,427 [BasicRepositoryConnector-repo.maven.apache.org-3-0] INFO  o.e.m.c.i.e.AbstractTransferListenerAdapter - Downloading https://repo.maven.apache.org/maven2/com/google/guava/guava/33.4.8-jre/guava-33.4.8-jre.jar
2025-07-04 20:06:57,302 [BasicRepositoryConnector-repo.maven.apache.org-3-1] INFO  o.e.m.c.i.e.AbstractTransferListenerAdapter - Downloaded https://repo.maven.apache.org/maven2/org/seleniumhq/selenium/selenium-devtools-v136/4.33.0/selenium-devtools-v136-4.33.0.jar
2025-07-04 20:06:57,619 [BasicRepositoryConnector-repo.maven.apache.org-3-1] INFO  o.e.m.c.i.e.AbstractTransferListenerAdapter - Downloading https://repo.maven.apache.org/maven2/com/google/guava/failureaccess/1.0.3/failureaccess-1.0.3.jar
2025-07-04 20:06:57,867 [BasicRepositoryConnector-repo.maven.apache.org-3-4] INFO  o.e.m.c.i.e.AbstractTransferListenerAdapter - Downloaded https://repo.maven.apache.org/maven2/org/seleniumhq/selenium/selenium-devtools-v135/4.33.0/selenium-devtools-v135-4.33.0.jar
2025-07-04 20:06:57,893 [BasicRepositoryConnector-repo.maven.apache.org-3-1] INFO  o.e.m.c.i.e.AbstractTransferListenerAdapter - Downloaded https://repo.maven.apache.org/maven2/com/google/guava/failureaccess/1.0.3/failureaccess-1.0.3.jar
2025-07-04 20:06:57,984 [BasicRepositoryConnector-repo.maven.apache.org-3-3] INFO  o.e.m.c.i.e.AbstractTransferListenerAdapter - Downloaded https://repo.maven.apache.org/maven2/org/seleniumhq/selenium/selenium-devtools-v137/4.33.0/selenium-devtools-v137-4.33.0.jar
2025-07-04 20:06:58,016 [BasicRepositoryConnector-repo.maven.apache.org-3-4] INFO  o.e.m.c.i.e.AbstractTransferListenerAdapter - Downloading https://repo.maven.apache.org/maven2/com/google/guava/listenablefuture/9999.0-empty-to-avoid-conflict-with-guava/listenablefuture-9999.0-empty-to-avoid-conflict-with-guava.jar
2025-07-04 20:06:58,034 [BasicRepositoryConnector-repo.maven.apache.org-3-1] INFO  o.e.m.c.i.e.AbstractTransferListenerAdapter - Downloading https://repo.maven.apache.org/maven2/com/google/errorprone/error_prone_annotations/2.36.0/error_prone_annotations-2.36.0.jar
2025-07-04 20:06:58,095 [BasicRepositoryConnector-repo.maven.apache.org-3-3] INFO  o.e.m.c.i.e.AbstractTransferListenerAdapter - Downloading https://repo.maven.apache.org/maven2/com/google/j2objc/j2objc-annotations/3.0.0/j2objc-annotations-3.0.0.jar
2025-07-04 20:06:58,146 [BasicRepositoryConnector-repo.maven.apache.org-3-4] INFO  o.e.m.c.i.e.AbstractTransferListenerAdapter - Downloaded https://repo.maven.apache.org/maven2/com/google/guava/listenablefuture/9999.0-empty-to-avoid-conflict-with-guava/listenablefuture-9999.0-empty-to-avoid-conflict-with-guava.jar
2025-07-04 20:06:58,204 [BasicRepositoryConnector-repo.maven.apache.org-3-3] INFO  o.e.m.c.i.e.AbstractTransferListenerAdapter - Downloaded https://repo.maven.apache.org/maven2/com/google/j2objc/j2objc-annotations/3.0.0/j2objc-annotations-3.0.0.jar
2025-07-04 20:06:58,303 [BasicRepositoryConnector-repo.maven.apache.org-3-4] INFO  o.e.m.c.i.e.AbstractTransferListenerAdapter - Downloading https://repo.maven.apache.org/maven2/io/opentelemetry/opentelemetry-api/1.50.0/opentelemetry-api-1.50.0.jar
2025-07-04 20:06:58,384 [BasicRepositoryConnector-repo.maven.apache.org-3-3] INFO  o.e.m.c.i.e.AbstractTransferListenerAdapter - Downloading https://repo.maven.apache.org/maven2/io/opentelemetry/opentelemetry-context/1.50.0/opentelemetry-context-1.50.0.jar
2025-07-04 20:06:58,475 [BasicRepositoryConnector-repo.maven.apache.org-3-1] INFO  o.e.m.c.i.e.AbstractTransferListenerAdapter - Downloaded https://repo.maven.apache.org/maven2/com/google/errorprone/error_prone_annotations/2.36.0/error_prone_annotations-2.36.0.jar
2025-07-04 20:06:58,715 [BasicRepositoryConnector-repo.maven.apache.org-3-1] INFO  o.e.m.c.i.e.AbstractTransferListenerAdapter - Downloading https://repo.maven.apache.org/maven2/io/opentelemetry/opentelemetry-exporter-logging/1.50.0/opentelemetry-exporter-logging-1.50.0.jar
2025-07-04 20:06:58,877 [BasicRepositoryConnector-repo.maven.apache.org-3-1] INFO  o.e.m.c.i.e.AbstractTransferListenerAdapter - Downloaded https://repo.maven.apache.org/maven2/io/opentelemetry/opentelemetry-exporter-logging/1.50.0/opentelemetry-exporter-logging-1.50.0.jar
2025-07-04 20:06:58,989 [BasicRepositoryConnector-repo.maven.apache.org-3-1] INFO  o.e.m.c.i.e.AbstractTransferListenerAdapter - Downloading https://repo.maven.apache.org/maven2/io/opentelemetry/opentelemetry-sdk-common/1.50.0/opentelemetry-sdk-common-1.50.0.jar
2025-07-04 20:06:59,092 [BasicRepositoryConnector-repo.maven.apache.org-3-3] INFO  o.e.m.c.i.e.AbstractTransferListenerAdapter - Downloaded https://repo.maven.apache.org/maven2/io/opentelemetry/opentelemetry-context/1.50.0/opentelemetry-context-1.50.0.jar
2025-07-04 20:06:59,289 [BasicRepositoryConnector-repo.maven.apache.org-3-3] INFO  o.e.m.c.i.e.AbstractTransferListenerAdapter - Downloading https://repo.maven.apache.org/maven2/io/opentelemetry/opentelemetry-sdk-extension-autoconfigure-spi/1.50.0/opentelemetry-sdk-extension-autoconfigure-spi-1.50.0.jar
2025-07-04 20:06:59,567 [BasicRepositoryConnector-repo.maven.apache.org-3-3] INFO  o.e.m.c.i.e.AbstractTransferListenerAdapter - Downloaded https://repo.maven.apache.org/maven2/io/opentelemetry/opentelemetry-sdk-extension-autoconfigure-spi/1.50.0/opentelemetry-sdk-extension-autoconfigure-spi-1.50.0.jar
2025-07-04 20:06:59,693 [BasicRepositoryConnector-repo.maven.apache.org-3-3] INFO  o.e.m.c.i.e.AbstractTransferListenerAdapter - Downloading https://repo.maven.apache.org/maven2/io/opentelemetry/opentelemetry-sdk-extension-autoconfigure/1.50.0/opentelemetry-sdk-extension-autoconfigure-1.50.0.jar
2025-07-04 20:06:59,773 [BasicRepositoryConnector-repo.maven.apache.org-3-1] INFO  o.e.m.c.i.e.AbstractTransferListenerAdapter - Downloaded https://repo.maven.apache.org/maven2/io/opentelemetry/opentelemetry-sdk-common/1.50.0/opentelemetry-sdk-common-1.50.0.jar
2025-07-04 20:06:59,964 [BasicRepositoryConnector-repo.maven.apache.org-3-1] INFO  o.e.m.c.i.e.AbstractTransferListenerAdapter - Downloading https://repo.maven.apache.org/maven2/io/opentelemetry/opentelemetry-sdk-trace/1.50.0/opentelemetry-sdk-trace-1.50.0.jar
2025-07-04 20:07:00,507 [BasicRepositoryConnector-repo.maven.apache.org-3-3] INFO  o.e.m.c.i.e.AbstractTransferListenerAdapter - Downloaded https://repo.maven.apache.org/maven2/io/opentelemetry/opentelemetry-sdk-extension-autoconfigure/1.50.0/opentelemetry-sdk-extension-autoconfigure-1.50.0.jar
2025-07-04 20:07:00,621 [BasicRepositoryConnector-repo.maven.apache.org-3-3] INFO  o.e.m.c.i.e.AbstractTransferListenerAdapter - Downloading https://repo.maven.apache.org/maven2/io/opentelemetry/opentelemetry-sdk/1.50.0/opentelemetry-sdk-1.50.0.jar
2025-07-04 20:07:00,690 [BasicRepositoryConnector-repo.maven.apache.org-3-4] INFO  o.e.m.c.i.e.AbstractTransferListenerAdapter - Downloaded https://repo.maven.apache.org/maven2/io/opentelemetry/opentelemetry-api/1.50.0/opentelemetry-api-1.50.0.jar
2025-07-04 20:07:00,700 [BasicRepositoryConnector-repo.maven.apache.org-3-3] INFO  o.e.m.c.i.e.AbstractTransferListenerAdapter - Downloaded https://repo.maven.apache.org/maven2/io/opentelemetry/opentelemetry-sdk/1.50.0/opentelemetry-sdk-1.50.0.jar
2025-07-04 20:07:00,796 [BasicRepositoryConnector-repo.maven.apache.org-3-4] INFO  o.e.m.c.i.e.AbstractTransferListenerAdapter - Downloading https://repo.maven.apache.org/maven2/io/opentelemetry/opentelemetry-sdk-metrics/1.50.0/opentelemetry-sdk-metrics-1.50.0.jar
2025-07-04 20:07:00,809 [BasicRepositoryConnector-repo.maven.apache.org-3-3] INFO  o.e.m.c.i.e.AbstractTransferListenerAdapter - Downloading https://repo.maven.apache.org/maven2/io/opentelemetry/opentelemetry-sdk-logs/1.50.0/opentelemetry-sdk-logs-1.50.0.jar
2025-07-04 20:07:01,442 [BasicRepositoryConnector-repo.maven.apache.org-3-1] INFO  o.e.m.c.i.e.AbstractTransferListenerAdapter - Downloaded https://repo.maven.apache.org/maven2/io/opentelemetry/opentelemetry-sdk-trace/1.50.0/opentelemetry-sdk-trace-1.50.0.jar
2025-07-04 20:07:01,522 [BasicRepositoryConnector-repo.maven.apache.org-3-3] INFO  o.e.m.c.i.e.AbstractTransferListenerAdapter - Downloaded https://repo.maven.apache.org/maven2/io/opentelemetry/opentelemetry-sdk-logs/1.50.0/opentelemetry-sdk-logs-1.50.0.jar
2025-07-04 20:07:01,543 [BasicRepositoryConnector-repo.maven.apache.org-3-1] INFO  o.e.m.c.i.e.AbstractTransferListenerAdapter - Downloading https://repo.maven.apache.org/maven2/net/bytebuddy/byte-buddy/1.17.5/byte-buddy-1.17.5.jar
2025-07-04 20:07:01,606 [BasicRepositoryConnector-repo.maven.apache.org-3-3] INFO  o.e.m.c.i.e.AbstractTransferListenerAdapter - Downloading https://repo.maven.apache.org/maven2/org/seleniumhq/selenium/selenium-os/4.33.0/selenium-os-4.33.0.jar
2025-07-04 20:07:01,889 [BasicRepositoryConnector-repo.maven.apache.org-3-3] INFO  o.e.m.c.i.e.AbstractTransferListenerAdapter - Downloaded https://repo.maven.apache.org/maven2/org/seleniumhq/selenium/selenium-os/4.33.0/selenium-os-4.33.0.jar
2025-07-04 20:07:02,032 [BasicRepositoryConnector-repo.maven.apache.org-3-3] INFO  o.e.m.c.i.e.AbstractTransferListenerAdapter - Downloading https://repo.maven.apache.org/maven2/org/apache/commons/commons-exec/1.4.0/commons-exec-1.4.0.jar
2025-07-04 20:07:02,564 [BasicRepositoryConnector-repo.maven.apache.org-3-3] INFO  o.e.m.c.i.e.AbstractTransferListenerAdapter - Downloaded https://repo.maven.apache.org/maven2/org/apache/commons/commons-exec/1.4.0/commons-exec-1.4.0.jar
2025-07-04 20:07:02,701 [BasicRepositoryConnector-repo.maven.apache.org-3-3] INFO  o.e.m.c.i.e.AbstractTransferListenerAdapter - Downloading https://repo.maven.apache.org/maven2/org/seleniumhq/selenium/selenium-safari-driver/4.33.0/selenium-safari-driver-4.33.0.jar
2025-07-04 20:07:02,871 [BasicRepositoryConnector-repo.maven.apache.org-3-3] INFO  o.e.m.c.i.e.AbstractTransferListenerAdapter - Downloaded https://repo.maven.apache.org/maven2/org/seleniumhq/selenium/selenium-safari-driver/4.33.0/selenium-safari-driver-4.33.0.jar
2025-07-04 20:07:02,989 [BasicRepositoryConnector-repo.maven.apache.org-3-3] INFO  o.e.m.c.i.e.AbstractTransferListenerAdapter - Downloading https://repo.maven.apache.org/maven2/org/seleniumhq/selenium/selenium-support/4.33.0/selenium-support-4.33.0.jar
2025-07-04 20:07:03,365 [BasicRepositoryConnector-repo.maven.apache.org-3-4] INFO  o.e.m.c.i.e.AbstractTransferListenerAdapter - Downloaded https://repo.maven.apache.org/maven2/io/opentelemetry/opentelemetry-sdk-metrics/1.50.0/opentelemetry-sdk-metrics-1.50.0.jar
2025-07-04 20:07:04,727 [BasicRepositoryConnector-repo.maven.apache.org-3-3] INFO  o.e.m.c.i.e.AbstractTransferListenerAdapter - Downloaded https://repo.maven.apache.org/maven2/org/seleniumhq/selenium/selenium-support/4.33.0/selenium-support-4.33.0.jar
2025-07-04 20:07:07,486 [BasicRepositoryConnector-repo.maven.apache.org-3-0] INFO  o.e.m.c.i.e.AbstractTransferListenerAdapter - Downloaded https://repo.maven.apache.org/maven2/com/google/guava/guava/33.4.8-jre/guava-33.4.8-jre.jar
2025-07-04 20:07:11,220 [BasicRepositoryConnector-repo.maven.apache.org-3-2] INFO  o.e.m.c.i.e.AbstractTransferListenerAdapter - Downloaded https://repo.maven.apache.org/maven2/org/seleniumhq/selenium/selenium-manager/4.33.0/selenium-manager-4.33.0.jar
2025-07-04 20:07:20,555 [BasicRepositoryConnector-repo.maven.apache.org-3-1] INFO  o.e.m.c.i.e.AbstractTransferListenerAdapter - Downloaded https://repo.maven.apache.org/maven2/net/bytebuddy/byte-buddy/1.17.5/byte-buddy-1.17.5.jar
2025-07-04 20:07:21,688 [Worker-64: Building] WARN  o.a.m.s.f.DefaultMavenResourcesFiltering - Using platform encoding (UTF-8 actually) to copy filtered resources, i.e. build is platform dependent!
2025-07-04 20:07:21,697 [Worker-64: Building] INFO  o.a.m.s.f.DefaultMavenResourcesFiltering - Copying 0 resource from src\main\resources to target\classes
2025-07-04 20:07:21,707 [Worker-64: Building] WARN  o.a.m.s.f.DefaultMavenResourcesFiltering - Using platform encoding (UTF-8 actually) to copy filtered resources, i.e. build is platform dependent!
2025-07-04 20:07:21,711 [Worker-64: Building] INFO  o.a.m.s.f.DefaultMavenResourcesFiltering - Copying 0 resource from src\test\resources to target\test-classes
2025-07-04 20:07:22,587 [Worker-67: Download sources and javadoc] INFO  o.e.m.c.i.e.AbstractTransferListenerAdapter - Downloading https://repo.maven.apache.org/maven2/org/seleniumhq/selenium/selenium-java/4.33.0/selenium-java-4.33.0-sources.jar
2025-07-04 20:07:22,806 [Worker-67: Download sources and javadoc] INFO  o.e.m.c.i.e.AbstractTransferListenerAdapter - Downloaded https://repo.maven.apache.org/maven2/org/seleniumhq/selenium/selenium-java/4.33.0/selenium-java-4.33.0-sources.jar
2025-07-04 20:07:22,868 [Worker-67: Download sources and javadoc] INFO  o.e.m.j.internal.DownloadSourcesJob - Downloaded sources for org.seleniumhq.selenium:selenium-java:4.33.0
2025-07-04 20:07:23,208 [Worker-67: Download sources and javadoc] INFO  o.e.m.c.i.e.AbstractTransferListenerAdapter - Downloading https://repo.maven.apache.org/maven2/org/seleniumhq/selenium/selenium-api/4.33.0/selenium-api-4.33.0-sources.jar
2025-07-04 20:07:24,421 [Worker-67: Download sources and javadoc] INFO  o.e.m.c.i.e.AbstractTransferListenerAdapter - Downloaded https://repo.maven.apache.org/maven2/org/seleniumhq/selenium/selenium-api/4.33.0/selenium-api-4.33.0-sources.jar
2025-07-04 20:07:24,437 [Worker-67: Download sources and javadoc] INFO  o.e.m.j.internal.DownloadSourcesJob - Downloaded sources for org.seleniumhq.selenium:selenium-api:4.33.0
2025-07-04 20:07:25,180 [Worker-64: Building] WARN  o.a.m.s.f.DefaultMavenResourcesFiltering - Using platform encoding (UTF-8 actually) to copy filtered resources, i.e. build is platform dependent!
2025-07-04 20:07:25,183 [Worker-64: Building] INFO  o.a.m.s.f.DefaultMavenResourcesFiltering - Copying 0 resource from src\main\resources to target\classes
2025-07-04 20:07:25,189 [Worker-64: Building] WARN  o.a.m.s.f.DefaultMavenResourcesFiltering - Using platform encoding (UTF-8 actually) to copy filtered resources, i.e. build is platform dependent!
2025-07-04 20:07:25,193 [Worker-64: Building] INFO  o.a.m.s.f.DefaultMavenResourcesFiltering - Copying 0 resource from src\test\resources to target\test-classes
2025-07-04 20:07:28,700 [Worker-67: Download sources and javadoc] INFO  o.e.m.c.i.e.AbstractTransferListenerAdapter - Downloading https://repo.maven.apache.org/maven2/org/jspecify/jspecify/1.0.0/jspecify-1.0.0-sources.jar
2025-07-04 20:07:28,759 [Worker-67: Download sources and javadoc] INFO  o.e.m.c.i.e.AbstractTransferListenerAdapter - Downloaded https://repo.maven.apache.org/maven2/org/jspecify/jspecify/1.0.0/jspecify-1.0.0-sources.jar
2025-07-04 20:07:28,772 [Worker-67: Download sources and javadoc] INFO  o.e.m.j.internal.DownloadSourcesJob - Downloaded sources for org.jspecify:jspecify:1.0.0
2025-07-04 20:07:37,627 [Worker-67: Download sources and javadoc] INFO  o.e.m.c.i.e.AbstractTransferListenerAdapter - Downloading https://repo.maven.apache.org/maven2/org/seleniumhq/selenium/selenium-chrome-driver/4.33.0/selenium-chrome-driver-4.33.0-sources.jar
2025-07-04 20:07:37,680 [Worker-67: Download sources and javadoc] INFO  o.e.m.c.i.e.AbstractTransferListenerAdapter - Downloaded https://repo.maven.apache.org/maven2/org/seleniumhq/selenium/selenium-chrome-driver/4.33.0/selenium-chrome-driver-4.33.0-sources.jar
2025-07-04 20:07:37,694 [Worker-67: Download sources and javadoc] INFO  o.e.m.j.internal.DownloadSourcesJob - Downloaded sources for org.seleniumhq.selenium:selenium-chrome-driver:4.33.0
2025-07-04 20:07:46,305 [Worker-67: Download sources and javadoc] INFO  o.e.m.c.i.e.AbstractTransferListenerAdapter - Downloading https://repo.maven.apache.org/maven2/org/seleniumhq/selenium/selenium-chromium-driver/4.33.0/selenium-chromium-driver-4.33.0-sources.jar
2025-07-04 20:07:46,457 [Worker-67: Download sources and javadoc] INFO  o.e.m.c.i.e.AbstractTransferListenerAdapter - Downloaded https://repo.maven.apache.org/maven2/org/seleniumhq/selenium/selenium-chromium-driver/4.33.0/selenium-chromium-driver-4.33.0-sources.jar
2025-07-04 20:07:46,473 [Worker-67: Download sources and javadoc] INFO  o.e.m.j.internal.DownloadSourcesJob - Downloaded sources for org.seleniumhq.selenium:selenium-chromium-driver:4.33.0
2025-07-04 20:07:49,243 [Worker-67: Download sources and javadoc] INFO  o.e.m.c.i.e.AbstractTransferListenerAdapter - Downloading https://repo.maven.apache.org/maven2/org/seleniumhq/selenium/selenium-json/4.33.0/selenium-json-4.33.0-sources.jar
2025-07-04 20:07:49,450 [Worker-67: Download sources and javadoc] INFO  o.e.m.c.i.e.AbstractTransferListenerAdapter - Downloaded https://repo.maven.apache.org/maven2/org/seleniumhq/selenium/selenium-json/4.33.0/selenium-json-4.33.0-sources.jar
2025-07-04 20:07:49,465 [Worker-67: Download sources and javadoc] INFO  o.e.m.j.internal.DownloadSourcesJob - Downloaded sources for org.seleniumhq.selenium:selenium-json:4.33.0
2025-07-04 20:07:52,880 [Worker-67: Download sources and javadoc] INFO  o.e.m.c.i.e.AbstractTransferListenerAdapter - Downloading https://repo.maven.apache.org/maven2/org/seleniumhq/selenium/selenium-manager/4.33.0/selenium-manager-4.33.0-sources.jar
2025-07-04 20:07:52,948 [Worker-67: Download sources and javadoc] INFO  o.e.m.c.i.e.AbstractTransferListenerAdapter - Downloaded https://repo.maven.apache.org/maven2/org/seleniumhq/selenium/selenium-manager/4.33.0/selenium-manager-4.33.0-sources.jar
2025-07-04 20:07:52,976 [Worker-67: Download sources and javadoc] INFO  o.e.m.j.internal.DownloadSourcesJob - Downloaded sources for org.seleniumhq.selenium:selenium-manager:4.33.0
2025-07-04 20:07:53,335 [Worker-67: Download sources and javadoc] INFO  o.e.m.c.i.e.AbstractTransferListenerAdapter - Downloading https://repo.maven.apache.org/maven2/org/seleniumhq/selenium/selenium-devtools-v135/4.33.0/selenium-devtools-v135-4.33.0-sources.jar
2025-07-04 20:07:54,037 [Worker-67: Download sources and javadoc] INFO  o.e.m.c.i.e.AbstractTransferListenerAdapter - Downloaded https://repo.maven.apache.org/maven2/org/seleniumhq/selenium/selenium-devtools-v135/4.33.0/selenium-devtools-v135-4.33.0-sources.jar
2025-07-04 20:07:54,050 [Worker-67: Download sources and javadoc] INFO  o.e.m.j.internal.DownloadSourcesJob - Downloaded sources for org.seleniumhq.selenium:selenium-devtools-v135:4.33.0
2025-07-04 20:08:14,164 [Worker-67: Download sources and javadoc] INFO  o.e.m.c.i.e.AbstractTransferListenerAdapter - Downloaded https://repo.maven.apache.org/maven2/org/seleniumhq/selenium/selenium-devtools-v136/4.33.0/selenium-devtools-v136-4.33.0-sources.jar
2025-07-04 20:08:14,180 [Worker-67: Download sources and javadoc] ERROR o.e.m.j.internal.DownloadSourcesJob - Could not download sources for org.seleniumhq.selenium:selenium-devtools-v136:4.33.0
org.eclipse.core.runtime.CoreException: Could not resolve artifact org.seleniumhq.selenium:selenium-devtools-v136:jar:sources:4.33.0
	at org.eclipse.m2e.core.internal.embedder.MavenImpl.lambda$7(MavenImpl.java:540)
	at org.eclipse.m2e.core.internal.embedder.MavenExecutionContext.executeBare(MavenExecutionContext.java:458)
	at org.eclipse.m2e.core.internal.embedder.MavenExecutionContext.execute(MavenExecutionContext.java:292)
	at org.eclipse.m2e.core.internal.embedder.MavenExecutionContext.execute(MavenExecutionContext.java:278)
	at org.eclipse.m2e.core.internal.embedder.MavenImpl.resolve(MavenImpl.java:509)
	at org.eclipse.m2e.core.internal.embedder.MavenImpl.resolve(MavenImpl.java:494)
	at org.eclipse.m2e.jdt.internal.DownloadSourcesJob.download(DownloadSourcesJob.java:308)
	at org.eclipse.m2e.jdt.internal.DownloadSourcesJob.downloadAttachments(DownloadSourcesJob.java:282)
	at org.eclipse.m2e.jdt.internal.DownloadSourcesJob.downloadMaven(DownloadSourcesJob.java:252)
	at org.eclipse.m2e.jdt.internal.DownloadSourcesJob.downloadFilesAndPopulateToUpdate(DownloadSourcesJob.java:220)
	at org.eclipse.m2e.jdt.internal.DownloadSourcesJob.lambda$0(DownloadSourcesJob.java:149)
	at org.eclipse.m2e.core.internal.embedder.MavenExecutionContext.executeBare(MavenExecutionContext.java:458)
	at org.eclipse.m2e.core.internal.embedder.MavenExecutionContext.execute(MavenExecutionContext.java:339)
	at org.eclipse.m2e.core.internal.embedder.MavenExecutionContext.execute(MavenExecutionContext.java:278)
	at org.eclipse.m2e.core.embedder.IMaven.execute(IMaven.java:300)
	at org.eclipse.m2e.jdt.internal.DownloadSourcesJob.run(DownloadSourcesJob.java:149)
	at org.eclipse.core.internal.jobs.Worker.run(Worker.java:63)
2025-07-04 20:08:19,260 [Worker-67: Download sources and javadoc] INFO  o.e.m.c.i.e.AbstractTransferListenerAdapter - Downloading https://repo.maven.apache.org/maven2/org/seleniumhq/selenium/selenium-devtools-v137/4.33.0/selenium-devtools-v137-4.33.0-sources.jar
2025-07-04 20:08:20,165 [Worker-67: Download sources and javadoc] INFO  o.e.m.c.i.e.AbstractTransferListenerAdapter - Downloaded https://repo.maven.apache.org/maven2/org/seleniumhq/selenium/selenium-devtools-v137/4.33.0/selenium-devtools-v137-4.33.0-sources.jar
2025-07-04 20:08:20,177 [Worker-67: Download sources and javadoc] INFO  o.e.m.j.internal.DownloadSourcesJob - Downloaded sources for org.seleniumhq.selenium:selenium-devtools-v137:4.33.0
2025-07-04 20:08:22,813 [Worker-67: Download sources and javadoc] INFO  o.e.m.c.i.e.AbstractTransferListenerAdapter - Downloading https://repo.maven.apache.org/maven2/org/seleniumhq/selenium/selenium-edge-driver/4.33.0/selenium-edge-driver-4.33.0-sources.jar
2025-07-04 20:08:22,854 [Worker-67: Download sources and javadoc] INFO  o.e.m.c.i.e.AbstractTransferListenerAdapter - Downloaded https://repo.maven.apache.org/maven2/org/seleniumhq/selenium/selenium-edge-driver/4.33.0/selenium-edge-driver-4.33.0-sources.jar
2025-07-04 20:08:22,869 [Worker-67: Download sources and javadoc] INFO  o.e.m.j.internal.DownloadSourcesJob - Downloaded sources for org.seleniumhq.selenium:selenium-edge-driver:4.33.0
2025-07-04 20:08:23,353 [Worker-67: Download sources and javadoc] INFO  o.e.m.c.i.e.AbstractTransferListenerAdapter - Downloading https://repo.maven.apache.org/maven2/org/seleniumhq/selenium/selenium-firefox-driver/4.33.0/selenium-firefox-driver-4.33.0-sources.jar
2025-07-04 20:08:23,516 [Worker-67: Download sources and javadoc] INFO  o.e.m.c.i.e.AbstractTransferListenerAdapter - Downloaded https://repo.maven.apache.org/maven2/org/seleniumhq/selenium/selenium-firefox-driver/4.33.0/selenium-firefox-driver-4.33.0-sources.jar
2025-07-04 20:08:23,530 [Worker-67: Download sources and javadoc] INFO  o.e.m.j.internal.DownloadSourcesJob - Downloaded sources for org.seleniumhq.selenium:selenium-firefox-driver:4.33.0
2025-07-04 20:08:32,231 [Worker-67: Download sources and javadoc] INFO  o.e.m.c.i.e.AbstractTransferListenerAdapter - Downloading https://repo.maven.apache.org/maven2/org/seleniumhq/selenium/selenium-http/4.33.0/selenium-http-4.33.0-sources.jar
2025-07-04 20:08:32,383 [Worker-67: Download sources and javadoc] INFO  o.e.m.c.i.e.AbstractTransferListenerAdapter - Downloaded https://repo.maven.apache.org/maven2/org/seleniumhq/selenium/selenium-http/4.33.0/selenium-http-4.33.0-sources.jar
2025-07-04 20:08:32,396 [Worker-67: Download sources and javadoc] INFO  o.e.m.j.internal.DownloadSourcesJob - Downloaded sources for org.seleniumhq.selenium:selenium-http:4.33.0
2025-07-04 20:08:41,802 [Worker-67: Download sources and javadoc] INFO  o.e.m.c.i.e.AbstractTransferListenerAdapter - Downloading https://repo.maven.apache.org/maven2/org/seleniumhq/selenium/selenium-ie-driver/4.33.0/selenium-ie-driver-4.33.0-sources.jar
2025-07-04 20:08:41,860 [Worker-67: Download sources and javadoc] INFO  o.e.m.c.i.e.AbstractTransferListenerAdapter - Downloaded https://repo.maven.apache.org/maven2/org/seleniumhq/selenium/selenium-ie-driver/4.33.0/selenium-ie-driver-4.33.0-sources.jar
2025-07-04 20:08:41,872 [Worker-67: Download sources and javadoc] INFO  o.e.m.j.internal.DownloadSourcesJob - Downloaded sources for org.seleniumhq.selenium:selenium-ie-driver:4.33.0
2025-07-04 20:08:42,072 [Worker-67: Download sources and javadoc] INFO  o.e.m.c.i.e.AbstractTransferListenerAdapter - Downloading https://repo.maven.apache.org/maven2/org/seleniumhq/selenium/selenium-remote-driver/4.33.0/selenium-remote-driver-4.33.0-sources.jar
2025-07-04 20:08:43,341 [Worker-67: Download sources and javadoc] INFO  o.e.m.c.i.e.AbstractTransferListenerAdapter - Downloaded https://repo.maven.apache.org/maven2/org/seleniumhq/selenium/selenium-remote-driver/4.33.0/selenium-remote-driver-4.33.0-sources.jar
2025-07-04 20:08:43,354 [Worker-67: Download sources and javadoc] INFO  o.e.m.j.internal.DownloadSourcesJob - Downloaded sources for org.seleniumhq.selenium:selenium-remote-driver:4.33.0
2025-07-04 20:08:46,000 [Worker-67: Download sources and javadoc] INFO  o.e.m.c.i.e.AbstractTransferListenerAdapter - Downloaded https://repo.maven.apache.org/maven2/com/google/guava/listenablefuture/9999.0-empty-to-avoid-conflict-with-guava/listenablefuture-9999.0-empty-to-avoid-conflict-with-guava-javadoc.jar
2025-07-04 20:08:46,011 [Worker-67: Download sources and javadoc] ERROR o.e.m.j.internal.DownloadSourcesJob - Could not download javadoc for com.google.guava:listenablefuture:9999.0-empty-to-avoid-conflict-with-guava
org.eclipse.core.runtime.CoreException: Could not resolve artifact com.google.guava:listenablefuture:jar:javadoc:9999.0-empty-to-avoid-conflict-with-guava
	at org.eclipse.m2e.core.internal.embedder.MavenImpl.lambda$7(MavenImpl.java:540)
	at org.eclipse.m2e.core.internal.embedder.MavenExecutionContext.executeBare(MavenExecutionContext.java:458)
	at org.eclipse.m2e.core.internal.embedder.MavenExecutionContext.execute(MavenExecutionContext.java:292)
	at org.eclipse.m2e.core.internal.embedder.MavenExecutionContext.execute(MavenExecutionContext.java:278)
	at org.eclipse.m2e.core.internal.embedder.MavenImpl.resolve(MavenImpl.java:509)
	at org.eclipse.m2e.core.internal.embedder.MavenImpl.resolve(MavenImpl.java:494)
	at org.eclipse.m2e.jdt.internal.DownloadSourcesJob.download(DownloadSourcesJob.java:308)
	at org.eclipse.m2e.jdt.internal.DownloadSourcesJob.downloadAttachments(DownloadSourcesJob.java:294)
	at org.eclipse.m2e.jdt.internal.DownloadSourcesJob.downloadMaven(DownloadSourcesJob.java:252)
	at org.eclipse.m2e.jdt.internal.DownloadSourcesJob.downloadFilesAndPopulateToUpdate(DownloadSourcesJob.java:220)
	at org.eclipse.m2e.jdt.internal.DownloadSourcesJob.lambda$0(DownloadSourcesJob.java:149)
	at org.eclipse.m2e.core.internal.embedder.MavenExecutionContext.executeBare(MavenExecutionContext.java:458)
	at org.eclipse.m2e.core.internal.embedder.MavenExecutionContext.execute(MavenExecutionContext.java:339)
	at org.eclipse.m2e.core.internal.embedder.MavenExecutionContext.execute(MavenExecutionContext.java:278)
	at org.eclipse.m2e.core.embedder.IMaven.execute(IMaven.java:300)
	at org.eclipse.m2e.jdt.internal.DownloadSourcesJob.run(DownloadSourcesJob.java:149)
	at org.eclipse.core.internal.jobs.Worker.run(Worker.java:63)
2025-07-04 20:08:46,140 [Worker-67: Download sources and javadoc] INFO  o.e.m.c.i.e.AbstractTransferListenerAdapter - Downloading https://repo.maven.apache.org/maven2/com/google/errorprone/error_prone_annotations/2.36.0/error_prone_annotations-2.36.0-sources.jar
2025-07-04 20:08:46,271 [Worker-67: Download sources and javadoc] INFO  o.e.m.c.i.e.AbstractTransferListenerAdapter - Downloaded https://repo.maven.apache.org/maven2/com/google/errorprone/error_prone_annotations/2.36.0/error_prone_annotations-2.36.0-sources.jar
2025-07-04 20:08:46,284 [Worker-67: Download sources and javadoc] INFO  o.e.m.j.internal.DownloadSourcesJob - Downloaded sources for com.google.errorprone:error_prone_annotations:2.36.0
2025-07-04 20:08:49,279 [Worker-67: Download sources and javadoc] INFO  o.e.m.c.i.e.AbstractTransferListenerAdapter - Downloading https://repo.maven.apache.org/maven2/io/opentelemetry/opentelemetry-api/1.50.0/opentelemetry-api-1.50.0-sources.jar
2025-07-04 20:08:49,721 [Worker-67: Download sources and javadoc] INFO  o.e.m.c.i.e.AbstractTransferListenerAdapter - Downloaded https://repo.maven.apache.org/maven2/io/opentelemetry/opentelemetry-api/1.50.0/opentelemetry-api-1.50.0-sources.jar
2025-07-04 20:08:49,734 [Worker-67: Download sources and javadoc] INFO  o.e.m.j.internal.DownloadSourcesJob - Downloaded sources for io.opentelemetry:opentelemetry-api:1.50.0
2025-07-04 20:08:52,793 [Worker-67: Download sources and javadoc] INFO  o.e.m.c.i.e.AbstractTransferListenerAdapter - Downloading https://repo.maven.apache.org/maven2/io/opentelemetry/opentelemetry-context/1.50.0/opentelemetry-context-1.50.0-sources.jar
2025-07-04 20:08:53,010 [Worker-67: Download sources and javadoc] INFO  o.e.m.c.i.e.AbstractTransferListenerAdapter - Downloaded https://repo.maven.apache.org/maven2/io/opentelemetry/opentelemetry-context/1.50.0/opentelemetry-context-1.50.0-sources.jar
2025-07-04 20:08:53,025 [Worker-67: Download sources and javadoc] INFO  o.e.m.j.internal.DownloadSourcesJob - Downloaded sources for io.opentelemetry:opentelemetry-context:1.50.0
2025-07-04 20:08:53,382 [Worker-67: Download sources and javadoc] INFO  o.e.m.c.i.e.AbstractTransferListenerAdapter - Downloading https://repo.maven.apache.org/maven2/io/opentelemetry/opentelemetry-exporter-logging/1.50.0/opentelemetry-exporter-logging-1.50.0-sources.jar
2025-07-04 20:08:53,443 [Worker-67: Download sources and javadoc] INFO  o.e.m.c.i.e.AbstractTransferListenerAdapter - Downloaded https://repo.maven.apache.org/maven2/io/opentelemetry/opentelemetry-exporter-logging/1.50.0/opentelemetry-exporter-logging-1.50.0-sources.jar
2025-07-04 20:08:53,457 [Worker-67: Download sources and javadoc] INFO  o.e.m.j.internal.DownloadSourcesJob - Downloaded sources for io.opentelemetry:opentelemetry-exporter-logging:1.50.0
2025-07-04 20:08:53,628 [Worker-67: Download sources and javadoc] INFO  o.e.m.c.i.e.AbstractTransferListenerAdapter - Downloading https://repo.maven.apache.org/maven2/io/opentelemetry/opentelemetry-sdk-common/1.50.0/opentelemetry-sdk-common-1.50.0-sources.jar
2025-07-04 20:08:53,784 [Worker-67: Download sources and javadoc] INFO  o.e.m.c.i.e.AbstractTransferListenerAdapter - Downloaded https://repo.maven.apache.org/maven2/io/opentelemetry/opentelemetry-sdk-common/1.50.0/opentelemetry-sdk-common-1.50.0-sources.jar
2025-07-04 20:08:53,797 [Worker-67: Download sources and javadoc] INFO  o.e.m.j.internal.DownloadSourcesJob - Downloaded sources for io.opentelemetry:opentelemetry-sdk-common:1.50.0
2025-07-04 20:09:13,966 [Worker-67: Download sources and javadoc] INFO  o.e.m.c.i.e.AbstractTransferListenerAdapter - Downloaded https://repo.maven.apache.org/maven2/io/opentelemetry/opentelemetry-sdk-extension-autoconfigure-spi/1.50.0/opentelemetry-sdk-extension-autoconfigure-spi-1.50.0-sources.jar
2025-07-04 20:09:13,978 [Worker-67: Download sources and javadoc] ERROR o.e.m.j.internal.DownloadSourcesJob - Could not download sources for io.opentelemetry:opentelemetry-sdk-extension-autoconfigure-spi:1.50.0
org.eclipse.core.runtime.CoreException: Could not resolve artifact io.opentelemetry:opentelemetry-sdk-extension-autoconfigure-spi:jar:sources:1.50.0
	at org.eclipse.m2e.core.internal.embedder.MavenImpl.lambda$7(MavenImpl.java:540)
	at org.eclipse.m2e.core.internal.embedder.MavenExecutionContext.executeBare(MavenExecutionContext.java:458)
	at org.eclipse.m2e.core.internal.embedder.MavenExecutionContext.execute(MavenExecutionContext.java:292)
	at org.eclipse.m2e.core.internal.embedder.MavenExecutionContext.execute(MavenExecutionContext.java:278)
	at org.eclipse.m2e.core.internal.embedder.MavenImpl.resolve(MavenImpl.java:509)
	at org.eclipse.m2e.core.internal.embedder.MavenImpl.resolve(MavenImpl.java:494)
	at org.eclipse.m2e.jdt.internal.DownloadSourcesJob.download(DownloadSourcesJob.java:308)
	at org.eclipse.m2e.jdt.internal.DownloadSourcesJob.downloadAttachments(DownloadSourcesJob.java:282)
	at org.eclipse.m2e.jdt.internal.DownloadSourcesJob.downloadMaven(DownloadSourcesJob.java:252)
	at org.eclipse.m2e.jdt.internal.DownloadSourcesJob.downloadFilesAndPopulateToUpdate(DownloadSourcesJob.java:220)
	at org.eclipse.m2e.jdt.internal.DownloadSourcesJob.lambda$0(DownloadSourcesJob.java:149)
	at org.eclipse.m2e.core.internal.embedder.MavenExecutionContext.executeBare(MavenExecutionContext.java:458)
	at org.eclipse.m2e.core.internal.embedder.MavenExecutionContext.execute(MavenExecutionContext.java:339)
	at org.eclipse.m2e.core.internal.embedder.MavenExecutionContext.execute(MavenExecutionContext.java:278)
	at org.eclipse.m2e.core.embedder.IMaven.execute(IMaven.java:300)
	at org.eclipse.m2e.jdt.internal.DownloadSourcesJob.run(DownloadSourcesJob.java:149)
	at org.eclipse.core.internal.jobs.Worker.run(Worker.java:63)
2025-07-04 20:09:19,250 [Worker-67: Download sources and javadoc] INFO  o.e.m.c.i.e.AbstractTransferListenerAdapter - Downloading https://repo.maven.apache.org/maven2/io/opentelemetry/opentelemetry-sdk-extension-autoconfigure/1.50.0/opentelemetry-sdk-extension-autoconfigure-1.50.0-sources.jar
2025-07-04 20:09:19,376 [Worker-67: Download sources and javadoc] INFO  o.e.m.c.i.e.AbstractTransferListenerAdapter - Downloaded https://repo.maven.apache.org/maven2/io/opentelemetry/opentelemetry-sdk-extension-autoconfigure/1.50.0/opentelemetry-sdk-extension-autoconfigure-1.50.0-sources.jar
2025-07-04 20:09:19,390 [Worker-67: Download sources and javadoc] INFO  o.e.m.j.internal.DownloadSourcesJob - Downloaded sources for io.opentelemetry:opentelemetry-sdk-extension-autoconfigure:1.50.0
2025-07-04 20:09:22,871 [Worker-67: Download sources and javadoc] INFO  o.e.m.c.i.e.AbstractTransferListenerAdapter - Downloading https://repo.maven.apache.org/maven2/io/opentelemetry/opentelemetry-sdk-trace/1.50.0/opentelemetry-sdk-trace-1.50.0-sources.jar
2025-07-04 20:09:23,107 [Worker-67: Download sources and javadoc] INFO  o.e.m.c.i.e.AbstractTransferListenerAdapter - Downloaded https://repo.maven.apache.org/maven2/io/opentelemetry/opentelemetry-sdk-trace/1.50.0/opentelemetry-sdk-trace-1.50.0-sources.jar
2025-07-04 20:09:23,120 [Worker-67: Download sources and javadoc] INFO  o.e.m.j.internal.DownloadSourcesJob - Downloaded sources for io.opentelemetry:opentelemetry-sdk-trace:1.50.0
2025-07-04 20:09:23,372 [Worker-67: Download sources and javadoc] INFO  o.e.m.c.i.e.AbstractTransferListenerAdapter - Downloading https://repo.maven.apache.org/maven2/io/opentelemetry/opentelemetry-sdk/1.50.0/opentelemetry-sdk-1.50.0-sources.jar
2025-07-04 20:09:23,398 [Worker-67: Download sources and javadoc] INFO  o.e.m.c.i.e.AbstractTransferListenerAdapter - Downloaded https://repo.maven.apache.org/maven2/io/opentelemetry/opentelemetry-sdk/1.50.0/opentelemetry-sdk-1.50.0-sources.jar
2025-07-04 20:09:23,410 [Worker-67: Download sources and javadoc] INFO  o.e.m.j.internal.DownloadSourcesJob - Downloaded sources for io.opentelemetry:opentelemetry-sdk:1.50.0
2025-07-04 20:09:23,660 [Worker-67: Download sources and javadoc] INFO  o.e.m.c.i.e.AbstractTransferListenerAdapter - Downloading https://repo.maven.apache.org/maven2/io/opentelemetry/opentelemetry-sdk-metrics/1.50.0/opentelemetry-sdk-metrics-1.50.0-sources.jar
2025-07-04 20:09:24,240 [Worker-67: Download sources and javadoc] INFO  o.e.m.c.i.e.AbstractTransferListenerAdapter - Downloaded https://repo.maven.apache.org/maven2/io/opentelemetry/opentelemetry-sdk-metrics/1.50.0/opentelemetry-sdk-metrics-1.50.0-sources.jar
2025-07-04 20:09:24,253 [Worker-67: Download sources and javadoc] INFO  o.e.m.j.internal.DownloadSourcesJob - Downloaded sources for io.opentelemetry:opentelemetry-sdk-metrics:1.50.0
2025-07-04 20:09:33,530 [Worker-67: Download sources and javadoc] INFO  o.e.m.c.i.e.AbstractTransferListenerAdapter - Downloading https://repo.maven.apache.org/maven2/io/opentelemetry/opentelemetry-sdk-logs/1.50.0/opentelemetry-sdk-logs-1.50.0-sources.jar
2025-07-04 20:09:33,682 [Worker-67: Download sources and javadoc] INFO  o.e.m.c.i.e.AbstractTransferListenerAdapter - Downloaded https://repo.maven.apache.org/maven2/io/opentelemetry/opentelemetry-sdk-logs/1.50.0/opentelemetry-sdk-logs-1.50.0-sources.jar
2025-07-04 20:09:33,699 [Worker-67: Download sources and javadoc] INFO  o.e.m.j.internal.DownloadSourcesJob - Downloaded sources for io.opentelemetry:opentelemetry-sdk-logs:1.50.0
2025-07-04 20:09:33,834 [Worker-67: Download sources and javadoc] INFO  o.e.m.c.i.e.AbstractTransferListenerAdapter - Downloading https://repo.maven.apache.org/maven2/org/seleniumhq/selenium/selenium-os/4.33.0/selenium-os-4.33.0-sources.jar
2025-07-04 20:09:33,903 [Worker-67: Download sources and javadoc] INFO  o.e.m.c.i.e.AbstractTransferListenerAdapter - Downloaded https://repo.maven.apache.org/maven2/org/seleniumhq/selenium/selenium-os/4.33.0/selenium-os-4.33.0-sources.jar
2025-07-04 20:09:33,915 [Worker-67: Download sources and javadoc] INFO  o.e.m.j.internal.DownloadSourcesJob - Downloaded sources for org.seleniumhq.selenium:selenium-os:4.33.0
2025-07-04 20:09:34,048 [Worker-67: Download sources and javadoc] INFO  o.e.m.c.i.e.AbstractTransferListenerAdapter - Downloading https://repo.maven.apache.org/maven2/org/seleniumhq/selenium/selenium-safari-driver/4.33.0/selenium-safari-driver-4.33.0-sources.jar
2025-07-04 20:09:34,113 [Worker-67: Download sources and javadoc] INFO  o.e.m.c.i.e.AbstractTransferListenerAdapter - Downloaded https://repo.maven.apache.org/maven2/org/seleniumhq/selenium/selenium-safari-driver/4.33.0/selenium-safari-driver-4.33.0-sources.jar
2025-07-04 20:09:34,129 [Worker-67: Download sources and javadoc] INFO  o.e.m.j.internal.DownloadSourcesJob - Downloaded sources for org.seleniumhq.selenium:selenium-safari-driver:4.33.0
2025-07-04 20:09:49,259 [Worker-67: Download sources and javadoc] INFO  o.e.m.c.i.e.AbstractTransferListenerAdapter - Downloading https://repo.maven.apache.org/maven2/org/seleniumhq/selenium/selenium-support/4.33.0/selenium-support-4.33.0-sources.jar
2025-07-04 20:09:49,635 [Worker-67: Download sources and javadoc] INFO  o.e.m.c.i.e.AbstractTransferListenerAdapter - Downloaded https://repo.maven.apache.org/maven2/org/seleniumhq/selenium/selenium-support/4.33.0/selenium-support-4.33.0-sources.jar
2025-07-04 20:09:49,653 [Worker-67: Download sources and javadoc] INFO  o.e.m.j.internal.DownloadSourcesJob - Downloaded sources for org.seleniumhq.selenium:selenium-support:4.33.0
2025-07-04 20:13:54,624 [Worker-68: Building] WARN  o.a.m.s.f.DefaultMavenResourcesFiltering - Using platform encoding (UTF-8 actually) to copy filtered resources, i.e. build is platform dependent!
2025-07-04 20:13:54,638 [Worker-68: Building] INFO  o.a.m.s.f.DefaultMavenResourcesFiltering - Copying 0 resource from src\main\resources to target\classes
2025-07-04 20:13:54,646 [Worker-68: Building] WARN  o.a.m.s.f.DefaultMavenResourcesFiltering - Using platform encoding (UTF-8 actually) to copy filtered resources, i.e. build is platform dependent!
2025-07-04 20:13:54,652 [Worker-68: Building] INFO  o.a.m.s.f.DefaultMavenResourcesFiltering - Copying 0 resource from src\test\resources to target\test-classes
2025-07-04 20:22:38,363 [Worker-69: Launching YatraAutomationScript] WARN  o.a.m.s.f.DefaultMavenResourcesFiltering - Using platform encoding (UTF-8 actually) to copy filtered resources, i.e. build is platform dependent!
2025-07-04 20:22:38,368 [Worker-69: Launching YatraAutomationScript] INFO  o.a.m.s.f.DefaultMavenResourcesFiltering - Copying 0 resource from src\main\resources to target\classes
2025-07-04 20:22:38,378 [Worker-69: Launching YatraAutomationScript] WARN  o.a.m.s.f.DefaultMavenResourcesFiltering - Using platform encoding (UTF-8 actually) to copy filtered resources, i.e. build is platform dependent!
2025-07-04 20:22:38,383 [Worker-69: Launching YatraAutomationScript] INFO  o.a.m.s.f.DefaultMavenResourcesFiltering - Copying 0 resource from src\test\resources to target\test-classes
2025-07-04 20:22:39,912 [Worker-69: Download sources and javadoc] INFO  o.e.m.c.i.e.AbstractTransferListenerAdapter - Downloading https://repo.maven.apache.org/maven2/org/seleniumhq/selenium/selenium-devtools-v136/4.33.0/selenium-devtools-v136-4.33.0-javadoc.jar
2025-07-04 20:22:55,619 [Worker-69: Download sources and javadoc] INFO  o.e.m.c.i.e.AbstractTransferListenerAdapter - Downloaded https://repo.maven.apache.org/maven2/org/seleniumhq/selenium/selenium-devtools-v136/4.33.0/selenium-devtools-v136-4.33.0-javadoc.jar
2025-07-04 20:22:55,633 [Worker-69: Download sources and javadoc] INFO  o.e.m.j.internal.DownloadSourcesJob - Downloaded javadoc for org.seleniumhq.selenium:selenium-devtools-v136:4.33.0
2025-07-04 20:22:55,785 [Worker-69: Download sources and javadoc] INFO  o.e.m.c.i.e.AbstractTransferListenerAdapter - Downloading https://repo.maven.apache.org/maven2/io/opentelemetry/opentelemetry-sdk-extension-autoconfigure-spi/1.50.0/opentelemetry-sdk-extension-autoconfigure-spi-1.50.0-javadoc.jar
2025-07-04 20:22:56,446 [Worker-69: Download sources and javadoc] INFO  o.e.m.c.i.e.AbstractTransferListenerAdapter - Downloaded https://repo.maven.apache.org/maven2/io/opentelemetry/opentelemetry-sdk-extension-autoconfigure-spi/1.50.0/opentelemetry-sdk-extension-autoconfigure-spi-1.50.0-javadoc.jar
2025-07-04 20:22:56,458 [Worker-69: Download sources and javadoc] INFO  o.e.m.j.internal.DownloadSourcesJob - Downloaded javadoc for io.opentelemetry:opentelemetry-sdk-extension-autoconfigure-spi:1.50.0
2025-07-04 20:23:25,760 [Worker-74: Building] WARN  o.a.m.s.f.DefaultMavenResourcesFiltering - Using platform encoding (UTF-8 actually) to copy filtered resources, i.e. build is platform dependent!
2025-07-04 20:23:25,763 [Worker-74: Building] INFO  o.a.m.s.f.DefaultMavenResourcesFiltering - Copying 0 resource from src\main\resources to target\classes
2025-07-04 20:23:25,768 [Worker-74: Building] WARN  o.a.m.s.f.DefaultMavenResourcesFiltering - Using platform encoding (UTF-8 actually) to copy filtered resources, i.e. build is platform dependent!
2025-07-04 20:23:25,771 [Worker-74: Building] INFO  o.a.m.s.f.DefaultMavenResourcesFiltering - Copying 0 resource from src\test\resources to target\test-classes
2025-07-04 20:26:28,794 [Worker-75: Launching YatraAutomationScript] WARN  o.a.m.s.f.DefaultMavenResourcesFiltering - Using platform encoding (UTF-8 actually) to copy filtered resources, i.e. build is platform dependent!
2025-07-04 20:26:28,813 [Worker-75: Launching YatraAutomationScript] INFO  o.a.m.s.f.DefaultMavenResourcesFiltering - Copying 0 resource from src\main\resources to target\classes
2025-07-04 20:26:28,820 [Worker-75: Launching YatraAutomationScript] WARN  o.a.m.s.f.DefaultMavenResourcesFiltering - Using platform encoding (UTF-8 actually) to copy filtered resources, i.e. build is platform dependent!
2025-07-04 20:26:28,828 [Worker-75: Launching YatraAutomationScript] INFO  o.a.m.s.f.DefaultMavenResourcesFiltering - Copying 0 resource from src\test\resources to target\test-classes
2025-07-04 20:27:22,242 [Worker-69: Building] WARN  o.a.m.s.f.DefaultMavenResourcesFiltering - Using platform encoding (UTF-8 actually) to copy filtered resources, i.e. build is platform dependent!
2025-07-04 20:27:22,246 [Worker-69: Building] INFO  o.a.m.s.f.DefaultMavenResourcesFiltering - Copying 0 resource from src\main\resources to target\classes
2025-07-04 20:27:22,252 [Worker-69: Building] WARN  o.a.m.s.f.DefaultMavenResourcesFiltering - Using platform encoding (UTF-8 actually) to copy filtered resources, i.e. build is platform dependent!
2025-07-04 20:27:22,256 [Worker-69: Building] INFO  o.a.m.s.f.DefaultMavenResourcesFiltering - Copying 0 resource from src\test\resources to target\test-classes
2025-07-04 20:28:33,794 [Worker-78: Building] WARN  o.a.m.s.f.DefaultMavenResourcesFiltering - Using platform encoding (UTF-8 actually) to copy filtered resources, i.e. build is platform dependent!
2025-07-04 20:28:33,797 [Worker-78: Building] INFO  o.a.m.s.f.DefaultMavenResourcesFiltering - Copying 0 resource from src\main\resources to target\classes
2025-07-04 20:28:33,805 [Worker-78: Building] WARN  o.a.m.s.f.DefaultMavenResourcesFiltering - Using platform encoding (UTF-8 actually) to copy filtered resources, i.e. build is platform dependent!
2025-07-04 20:28:33,809 [Worker-78: Building] INFO  o.a.m.s.f.DefaultMavenResourcesFiltering - Copying 0 resource from src\test\resources to target\test-classes
2025-07-04 20:28:54,761 [Worker-74: Building] WARN  o.a.m.s.f.DefaultMavenResourcesFiltering - Using platform encoding (UTF-8 actually) to copy filtered resources, i.e. build is platform dependent!
2025-07-04 20:28:54,767 [Worker-74: Building] INFO  o.a.m.s.f.DefaultMavenResourcesFiltering - Copying 0 resource from src\main\resources to target\classes
2025-07-04 20:28:54,774 [Worker-74: Building] WARN  o.a.m.s.f.DefaultMavenResourcesFiltering - Using platform encoding (UTF-8 actually) to copy filtered resources, i.e. build is platform dependent!
2025-07-04 20:28:54,778 [Worker-74: Building] INFO  o.a.m.s.f.DefaultMavenResourcesFiltering - Copying 0 resource from src\test\resources to target\test-classes
2025-07-04 20:46:00,399 [Worker-80: Building] WARN  o.a.m.s.f.DefaultMavenResourcesFiltering - Using platform encoding (UTF-8 actually) to copy filtered resources, i.e. build is platform dependent!
2025-07-04 20:46:00,402 [Worker-80: Building] INFO  o.a.m.s.f.DefaultMavenResourcesFiltering - Copying 0 resource from src\main\resources to target\classes
2025-07-04 20:46:00,408 [Worker-80: Building] WARN  o.a.m.s.f.DefaultMavenResourcesFiltering - Using platform encoding (UTF-8 actually) to copy filtered resources, i.e. build is platform dependent!
2025-07-04 20:46:00,410 [Worker-80: Building] INFO  o.a.m.s.f.DefaultMavenResourcesFiltering - Copying 0 resource from src\test\resources to target\test-classes
2025-07-04 20:48:33,079 [Worker-80: Building] WARN  o.a.m.s.f.DefaultMavenResourcesFiltering - Using platform encoding (UTF-8 actually) to copy filtered resources, i.e. build is platform dependent!
2025-07-04 20:48:33,084 [Worker-80: Building] INFO  o.a.m.s.f.DefaultMavenResourcesFiltering - Copying 0 resource from src\main\resources to target\classes
2025-07-04 20:48:33,090 [Worker-80: Building] WARN  o.a.m.s.f.DefaultMavenResourcesFiltering - Using platform encoding (UTF-8 actually) to copy filtered resources, i.e. build is platform dependent!
2025-07-04 20:48:33,093 [Worker-80: Building] INFO  o.a.m.s.f.DefaultMavenResourcesFiltering - Copying 0 resource from src\test\resources to target\test-classes
2025-07-04 20:52:20,846 [Worker-84: Building] WARN  o.a.m.s.f.DefaultMavenResourcesFiltering - Using platform encoding (UTF-8 actually) to copy filtered resources, i.e. build is platform dependent!
2025-07-04 20:52:20,850 [Worker-84: Building] INFO  o.a.m.s.f.DefaultMavenResourcesFiltering - Copying 0 resource from src\main\resources to target\classes
2025-07-04 20:52:20,855 [Worker-84: Building] WARN  o.a.m.s.f.DefaultMavenResourcesFiltering - Using platform encoding (UTF-8 actually) to copy filtered resources, i.e. build is platform dependent!
2025-07-04 20:52:20,859 [Worker-84: Building] INFO  o.a.m.s.f.DefaultMavenResourcesFiltering - Copying 0 resource from src\test\resources to target\test-classes
2025-07-04 20:52:52,949 [Worker-85: Building] WARN  o.a.m.s.f.DefaultMavenResourcesFiltering - Using platform encoding (UTF-8 actually) to copy filtered resources, i.e. build is platform dependent!
2025-07-04 20:52:52,952 [Worker-85: Building] INFO  o.a.m.s.f.DefaultMavenResourcesFiltering - Copying 0 resource from src\main\resources to target\classes
2025-07-04 20:52:52,956 [Worker-85: Building] WARN  o.a.m.s.f.DefaultMavenResourcesFiltering - Using platform encoding (UTF-8 actually) to copy filtered resources, i.e. build is platform dependent!
2025-07-04 20:52:52,959 [Worker-85: Building] INFO  o.a.m.s.f.DefaultMavenResourcesFiltering - Copying 0 resource from src\test\resources to target\test-classes
2025-07-04 20:56:31,569 [Worker-88: Building] WARN  o.a.m.s.f.DefaultMavenResourcesFiltering - Using platform encoding (UTF-8 actually) to copy filtered resources, i.e. build is platform dependent!
2025-07-04 20:56:31,573 [Worker-88: Building] INFO  o.a.m.s.f.DefaultMavenResourcesFiltering - Copying 0 resource from src\main\resources to target\classes
2025-07-04 20:56:31,578 [Worker-88: Building] WARN  o.a.m.s.f.DefaultMavenResourcesFiltering - Using platform encoding (UTF-8 actually) to copy filtered resources, i.e. build is platform dependent!
2025-07-04 20:56:31,582 [Worker-88: Building] INFO  o.a.m.s.f.DefaultMavenResourcesFiltering - Copying 0 resource from src\test\resources to target\test-classes
2025-07-04 20:58:08,863 [Worker-84: Building] WARN  o.a.m.s.f.DefaultMavenResourcesFiltering - Using platform encoding (UTF-8 actually) to copy filtered resources, i.e. build is platform dependent!
2025-07-04 20:58:08,868 [Worker-84: Building] INFO  o.a.m.s.f.DefaultMavenResourcesFiltering - Copying 0 resource from src\main\resources to target\classes
2025-07-04 20:58:08,872 [Worker-84: Building] WARN  o.a.m.s.f.DefaultMavenResourcesFiltering - Using platform encoding (UTF-8 actually) to copy filtered resources, i.e. build is platform dependent!
2025-07-04 20:58:08,874 [Worker-84: Building] INFO  o.a.m.s.f.DefaultMavenResourcesFiltering - Copying 0 resource from src\test\resources to target\test-classes
2025-07-04 20:59:39,179 [Worker-90: Building] WARN  o.a.m.s.f.DefaultMavenResourcesFiltering - Using platform encoding (UTF-8 actually) to copy filtered resources, i.e. build is platform dependent!
2025-07-04 20:59:39,183 [Worker-90: Building] INFO  o.a.m.s.f.DefaultMavenResourcesFiltering - Copying 0 resource from src\main\resources to target\classes
2025-07-04 20:59:39,188 [Worker-90: Building] WARN  o.a.m.s.f.DefaultMavenResourcesFiltering - Using platform encoding (UTF-8 actually) to copy filtered resources, i.e. build is platform dependent!
2025-07-04 20:59:39,191 [Worker-90: Building] INFO  o.a.m.s.f.DefaultMavenResourcesFiltering - Copying 0 resource from src\test\resources to target\test-classes
2025-07-04 21:02:44,980 [Worker-88: Building] WARN  o.a.m.s.f.DefaultMavenResourcesFiltering - Using platform encoding (UTF-8 actually) to copy filtered resources, i.e. build is platform dependent!
2025-07-04 21:02:44,984 [Worker-88: Building] INFO  o.a.m.s.f.DefaultMavenResourcesFiltering - Copying 0 resource from src\main\resources to target\classes
2025-07-04 21:02:44,988 [Worker-88: Building] WARN  o.a.m.s.f.DefaultMavenResourcesFiltering - Using platform encoding (UTF-8 actually) to copy filtered resources, i.e. build is platform dependent!
2025-07-04 21:02:44,991 [Worker-88: Building] INFO  o.a.m.s.f.DefaultMavenResourcesFiltering - Copying 0 resource from src\test\resources to target\test-classes
2025-07-04 21:03:32,279 [Worker-89: Building] WARN  o.a.m.s.f.DefaultMavenResourcesFiltering - Using platform encoding (UTF-8 actually) to copy filtered resources, i.e. build is platform dependent!
2025-07-04 21:03:32,282 [Worker-89: Building] INFO  o.a.m.s.f.DefaultMavenResourcesFiltering - Copying 0 resource from src\main\resources to target\classes
2025-07-04 21:03:32,287 [Worker-89: Building] WARN  o.a.m.s.f.DefaultMavenResourcesFiltering - Using platform encoding (UTF-8 actually) to copy filtered resources, i.e. build is platform dependent!
2025-07-04 21:03:32,289 [Worker-89: Building] INFO  o.a.m.s.f.DefaultMavenResourcesFiltering - Copying 0 resource from src\test\resources to target\test-classes
2025-07-04 21:11:06,197 [Worker-93: Building] WARN  o.a.m.s.f.DefaultMavenResourcesFiltering - Using platform encoding (UTF-8 actually) to copy filtered resources, i.e. build is platform dependent!
2025-07-04 21:11:06,199 [Worker-93: Building] INFO  o.a.m.s.f.DefaultMavenResourcesFiltering - Copying 0 resource from src\main\resources to target\classes
2025-07-04 21:11:06,206 [Worker-93: Building] WARN  o.a.m.s.f.DefaultMavenResourcesFiltering - Using platform encoding (UTF-8 actually) to copy filtered resources, i.e. build is platform dependent!
2025-07-04 21:11:06,208 [Worker-93: Building] INFO  o.a.m.s.f.DefaultMavenResourcesFiltering - Copying 0 resource from src\test\resources to target\test-classes
2025-07-05 09:05:27,856 [Worker-7: Loading available Gradle versions] INFO  o.e.b.c.i.u.g.PublishedGradleVersions - Gradle version information cache is up-to-date. Trying to read.
2025-07-06 09:08:36,997 [Worker-1: Loading available Gradle versions] INFO  o.e.b.c.i.u.g.PublishedGradleVersions - Gradle version information cache is out-of-date. Trying to update.
2025-07-06 20:20:59,403 [Worker-3: Loading available Gradle versions] INFO  o.e.b.c.i.u.g.PublishedGradleVersions - Gradle version information cache is up-to-date. Trying to read.
2025-07-06 20:52:05,258 [Worker-29: Building] WARN  o.a.m.s.f.DefaultMavenResourcesFiltering - Using platform encoding (UTF-8 actually) to copy filtered resources, i.e. build is platform dependent!
2025-07-06 20:52:05,274 [Worker-29: Building] INFO  o.a.m.s.f.DefaultMavenResourcesFiltering - Copying 0 resource from src\main\resources to target\classes
2025-07-06 20:52:05,284 [Worker-29: Building] WARN  o.a.m.s.f.DefaultMavenResourcesFiltering - Using platform encoding (UTF-8 actually) to copy filtered resources, i.e. build is platform dependent!
2025-07-06 20:52:05,290 [Worker-29: Building] INFO  o.a.m.s.f.DefaultMavenResourcesFiltering - Copying 0 resource from src\test\resources to target\test-classes
2025-07-06 20:56:22,765 [Worker-28: Launching YatraAutomationScript] WARN  o.a.m.s.f.DefaultMavenResourcesFiltering - Using platform encoding (UTF-8 actually) to copy filtered resources, i.e. build is platform dependent!
2025-07-06 20:56:22,774 [Worker-28: Launching YatraAutomationScript] INFO  o.a.m.s.f.DefaultMavenResourcesFiltering - Copying 0 resource from src\main\resources to target\classes
2025-07-06 20:56:22,784 [Worker-28: Launching YatraAutomationScript] WARN  o.a.m.s.f.DefaultMavenResourcesFiltering - Using platform encoding (UTF-8 actually) to copy filtered resources, i.e. build is platform dependent!
2025-07-06 20:56:22,788 [Worker-28: Launching YatraAutomationScript] INFO  o.a.m.s.f.DefaultMavenResourcesFiltering - Copying 0 resource from src\test\resources to target\test-classes
2025-07-06 21:05:04,294 [Worker-34: Building] WARN  o.a.m.s.f.DefaultMavenResourcesFiltering - Using platform encoding (UTF-8 actually) to copy filtered resources, i.e. build is platform dependent!
2025-07-06 21:05:04,299 [Worker-34: Building] INFO  o.a.m.s.f.DefaultMavenResourcesFiltering - Copying 0 resource from src\main\resources to target\classes
2025-07-06 21:05:04,307 [Worker-34: Building] WARN  o.a.m.s.f.DefaultMavenResourcesFiltering - Using platform encoding (UTF-8 actually) to copy filtered resources, i.e. build is platform dependent!
2025-07-06 21:05:04,311 [Worker-34: Building] INFO  o.a.m.s.f.DefaultMavenResourcesFiltering - Copying 0 resource from src\test\resources to target\test-classes
2025-07-06 21:06:07,658 [Worker-34: Building] WARN  o.a.m.s.f.DefaultMavenResourcesFiltering - Using platform encoding (UTF-8 actually) to copy filtered resources, i.e. build is platform dependent!
2025-07-06 21:06:07,661 [Worker-34: Building] INFO  o.a.m.s.f.DefaultMavenResourcesFiltering - Copying 0 resource from src\main\resources to target\classes
2025-07-06 21:06:07,669 [Worker-34: Building] WARN  o.a.m.s.f.DefaultMavenResourcesFiltering - Using platform encoding (UTF-8 actually) to copy filtered resources, i.e. build is platform dependent!
2025-07-06 21:06:07,673 [Worker-34: Building] INFO  o.a.m.s.f.DefaultMavenResourcesFiltering - Copying 0 resource from src\test\resources to target\test-classes
2025-07-06 21:08:50,294 [Worker-28: Building] WARN  o.a.m.s.f.DefaultMavenResourcesFiltering - Using platform encoding (UTF-8 actually) to copy filtered resources, i.e. build is platform dependent!
2025-07-06 21:08:50,297 [Worker-28: Building] INFO  o.a.m.s.f.DefaultMavenResourcesFiltering - Copying 0 resource from src\main\resources to target\classes
2025-07-06 21:08:50,305 [Worker-28: Building] WARN  o.a.m.s.f.DefaultMavenResourcesFiltering - Using platform encoding (UTF-8 actually) to copy filtered resources, i.e. build is platform dependent!
2025-07-06 21:08:50,307 [Worker-28: Building] INFO  o.a.m.s.f.DefaultMavenResourcesFiltering - Copying 0 resource from src\test\resources to target\test-classes
2025-07-06 21:10:26,911 [Worker-28: Building] WARN  o.a.m.s.f.DefaultMavenResourcesFiltering - Using platform encoding (UTF-8 actually) to copy filtered resources, i.e. build is platform dependent!
2025-07-06 21:10:26,914 [Worker-28: Building] INFO  o.a.m.s.f.DefaultMavenResourcesFiltering - Copying 0 resource from src\main\resources to target\classes
2025-07-06 21:10:26,922 [Worker-28: Building] WARN  o.a.m.s.f.DefaultMavenResourcesFiltering - Using platform encoding (UTF-8 actually) to copy filtered resources, i.e. build is platform dependent!
2025-07-06 21:10:26,924 [Worker-28: Building] INFO  o.a.m.s.f.DefaultMavenResourcesFiltering - Copying 0 resource from src\test\resources to target\test-classes
2025-07-06 21:35:44,646 [Worker-36: Building] WARN  o.a.m.s.f.DefaultMavenResourcesFiltering - Using platform encoding (UTF-8 actually) to copy filtered resources, i.e. build is platform dependent!
2025-07-06 21:35:44,649 [Worker-36: Building] INFO  o.a.m.s.f.DefaultMavenResourcesFiltering - Copying 0 resource from src\main\resources to target\classes
2025-07-06 21:35:44,656 [Worker-36: Building] WARN  o.a.m.s.f.DefaultMavenResourcesFiltering - Using platform encoding (UTF-8 actually) to copy filtered resources, i.e. build is platform dependent!
2025-07-06 21:35:44,658 [Worker-36: Building] INFO  o.a.m.s.f.DefaultMavenResourcesFiltering - Copying 0 resource from src\test\resources to target\test-classes
2025-07-06 21:36:35,132 [Worker-40: Building] WARN  o.a.m.s.f.DefaultMavenResourcesFiltering - Using platform encoding (UTF-8 actually) to copy filtered resources, i.e. build is platform dependent!
2025-07-06 21:36:35,136 [Worker-40: Building] INFO  o.a.m.s.f.DefaultMavenResourcesFiltering - Copying 0 resource from src\main\resources to target\classes
2025-07-06 21:36:35,143 [Worker-40: Building] WARN  o.a.m.s.f.DefaultMavenResourcesFiltering - Using platform encoding (UTF-8 actually) to copy filtered resources, i.e. build is platform dependent!
2025-07-06 21:36:35,146 [Worker-40: Building] INFO  o.a.m.s.f.DefaultMavenResourcesFiltering - Copying 0 resource from src\test\resources to target\test-classes
2025-07-06 21:41:44,659 [Worker-44: Building] WARN  o.a.m.s.f.DefaultMavenResourcesFiltering - Using platform encoding (UTF-8 actually) to copy filtered resources, i.e. build is platform dependent!
2025-07-06 21:41:44,663 [Worker-44: Building] INFO  o.a.m.s.f.DefaultMavenResourcesFiltering - Copying 0 resource from src\main\resources to target\classes
2025-07-06 21:41:44,671 [Worker-44: Building] WARN  o.a.m.s.f.DefaultMavenResourcesFiltering - Using platform encoding (UTF-8 actually) to copy filtered resources, i.e. build is platform dependent!
2025-07-06 21:41:44,674 [Worker-44: Building] INFO  o.a.m.s.f.DefaultMavenResourcesFiltering - Copying 0 resource from src\test\resources to target\test-classes
2025-07-06 21:47:20,174 [Worker-47: Building] WARN  o.a.m.s.f.DefaultMavenResourcesFiltering - Using platform encoding (UTF-8 actually) to copy filtered resources, i.e. build is platform dependent!
2025-07-06 21:47:20,179 [Worker-47: Building] INFO  o.a.m.s.f.DefaultMavenResourcesFiltering - Copying 0 resource from src\main\resources to target\classes
2025-07-06 21:47:20,186 [Worker-47: Building] WARN  o.a.m.s.f.DefaultMavenResourcesFiltering - Using platform encoding (UTF-8 actually) to copy filtered resources, i.e. build is platform dependent!
2025-07-06 21:47:20,189 [Worker-47: Building] INFO  o.a.m.s.f.DefaultMavenResourcesFiltering - Copying 0 resource from src\test\resources to target\test-classes
2025-07-06 21:47:34,865 [Worker-43: Building] WARN  o.a.m.s.f.DefaultMavenResourcesFiltering - Using platform encoding (UTF-8 actually) to copy filtered resources, i.e. build is platform dependent!
2025-07-06 21:47:34,869 [Worker-43: Building] INFO  o.a.m.s.f.DefaultMavenResourcesFiltering - Copying 0 resource from src\main\resources to target\classes
2025-07-06 21:47:34,875 [Worker-43: Building] WARN  o.a.m.s.f.DefaultMavenResourcesFiltering - Using platform encoding (UTF-8 actually) to copy filtered resources, i.e. build is platform dependent!
2025-07-06 21:47:34,879 [Worker-43: Building] INFO  o.a.m.s.f.DefaultMavenResourcesFiltering - Copying 0 resource from src\test\resources to target\test-classes
2025-07-06 21:48:39,899 [Worker-43: Launching YatraAutomationScript] WARN  o.a.m.s.f.DefaultMavenResourcesFiltering - Using platform encoding (UTF-8 actually) to copy filtered resources, i.e. build is platform dependent!
2025-07-06 21:48:39,902 [Worker-43: Launching YatraAutomationScript] INFO  o.a.m.s.f.DefaultMavenResourcesFiltering - Copying 0 resource from src\main\resources to target\classes
2025-07-06 21:48:39,909 [Worker-43: Launching YatraAutomationScript] WARN  o.a.m.s.f.DefaultMavenResourcesFiltering - Using platform encoding (UTF-8 actually) to copy filtered resources, i.e. build is platform dependent!
2025-07-06 21:48:39,913 [Worker-43: Launching YatraAutomationScript] INFO  o.a.m.s.f.DefaultMavenResourcesFiltering - Copying 0 resource from src\test\resources to target\test-classes
2025-07-06 21:52:19,326 [Worker-48: Building] WARN  o.a.m.s.f.DefaultMavenResourcesFiltering - Using platform encoding (UTF-8 actually) to copy filtered resources, i.e. build is platform dependent!
2025-07-06 21:52:19,330 [Worker-48: Building] INFO  o.a.m.s.f.DefaultMavenResourcesFiltering - Copying 0 resource from src\main\resources to target\classes
2025-07-06 21:52:19,335 [Worker-48: Building] WARN  o.a.m.s.f.DefaultMavenResourcesFiltering - Using platform encoding (UTF-8 actually) to copy filtered resources, i.e. build is platform dependent!
2025-07-06 21:52:19,338 [Worker-48: Building] INFO  o.a.m.s.f.DefaultMavenResourcesFiltering - Copying 0 resource from src\test\resources to target\test-classes
2025-07-06 21:53:07,626 [Worker-47: Launching YatraAutomationScript] WARN  o.a.m.s.f.DefaultMavenResourcesFiltering - Using platform encoding (UTF-8 actually) to copy filtered resources, i.e. build is platform dependent!
2025-07-06 21:53:07,631 [Worker-47: Launching YatraAutomationScript] INFO  o.a.m.s.f.DefaultMavenResourcesFiltering - Copying 0 resource from src\main\resources to target\classes
2025-07-06 21:53:07,638 [Worker-47: Launching YatraAutomationScript] WARN  o.a.m.s.f.DefaultMavenResourcesFiltering - Using platform encoding (UTF-8 actually) to copy filtered resources, i.e. build is platform dependent!
2025-07-06 21:53:07,643 [Worker-47: Launching YatraAutomationScript] INFO  o.a.m.s.f.DefaultMavenResourcesFiltering - Copying 0 resource from src\test\resources to target\test-classes
2025-07-06 21:57:46,542 [Worker-49: Building] WARN  o.a.m.s.f.DefaultMavenResourcesFiltering - Using platform encoding (UTF-8 actually) to copy filtered resources, i.e. build is platform dependent!
2025-07-06 21:57:46,545 [Worker-49: Building] INFO  o.a.m.s.f.DefaultMavenResourcesFiltering - Copying 0 resource from src\main\resources to target\classes
2025-07-06 21:57:46,549 [Worker-49: Building] WARN  o.a.m.s.f.DefaultMavenResourcesFiltering - Using platform encoding (UTF-8 actually) to copy filtered resources, i.e. build is platform dependent!
2025-07-06 21:57:46,552 [Worker-49: Building] INFO  o.a.m.s.f.DefaultMavenResourcesFiltering - Copying 0 resource from src\test\resources to target\test-classes
2025-07-06 21:58:01,351 [Worker-48: Building] WARN  o.a.m.s.f.DefaultMavenResourcesFiltering - Using platform encoding (UTF-8 actually) to copy filtered resources, i.e. build is platform dependent!
2025-07-06 21:58:01,354 [Worker-48: Building] INFO  o.a.m.s.f.DefaultMavenResourcesFiltering - Copying 0 resource from src\main\resources to target\classes
2025-07-06 21:58:01,359 [Worker-48: Building] WARN  o.a.m.s.f.DefaultMavenResourcesFiltering - Using platform encoding (UTF-8 actually) to copy filtered resources, i.e. build is platform dependent!
2025-07-06 21:58:01,362 [Worker-48: Building] INFO  o.a.m.s.f.DefaultMavenResourcesFiltering - Copying 0 resource from src\test\resources to target\test-classes
2025-07-06 21:59:19,452 [Worker-47: Building] WARN  o.a.m.s.f.DefaultMavenResourcesFiltering - Using platform encoding (UTF-8 actually) to copy filtered resources, i.e. build is platform dependent!
2025-07-06 21:59:19,457 [Worker-47: Building] INFO  o.a.m.s.f.DefaultMavenResourcesFiltering - Copying 0 resource from src\main\resources to target\classes
2025-07-06 21:59:19,463 [Worker-47: Building] WARN  o.a.m.s.f.DefaultMavenResourcesFiltering - Using platform encoding (UTF-8 actually) to copy filtered resources, i.e. build is platform dependent!
2025-07-06 21:59:19,466 [Worker-47: Building] INFO  o.a.m.s.f.DefaultMavenResourcesFiltering - Copying 0 resource from src\test\resources to target\test-classes
2025-07-06 22:01:53,543 [Worker-51: Building] WARN  o.a.m.s.f.DefaultMavenResourcesFiltering - Using platform encoding (UTF-8 actually) to copy filtered resources, i.e. build is platform dependent!
2025-07-06 22:01:53,545 [Worker-51: Building] INFO  o.a.m.s.f.DefaultMavenResourcesFiltering - Copying 0 resource from src\main\resources to target\classes
2025-07-06 22:01:53,551 [Worker-51: Building] WARN  o.a.m.s.f.DefaultMavenResourcesFiltering - Using platform encoding (UTF-8 actually) to copy filtered resources, i.e. build is platform dependent!
2025-07-06 22:01:53,553 [Worker-51: Building] INFO  o.a.m.s.f.DefaultMavenResourcesFiltering - Copying 0 resource from src\test\resources to target\test-classes
2025-07-06 22:03:45,034 [Worker-51: Building] WARN  o.a.m.s.f.DefaultMavenResourcesFiltering - Using platform encoding (UTF-8 actually) to copy filtered resources, i.e. build is platform dependent!
2025-07-06 22:03:45,037 [Worker-51: Building] INFO  o.a.m.s.f.DefaultMavenResourcesFiltering - Copying 0 resource from src\main\resources to target\classes
2025-07-06 22:03:45,044 [Worker-51: Building] WARN  o.a.m.s.f.DefaultMavenResourcesFiltering - Using platform encoding (UTF-8 actually) to copy filtered resources, i.e. build is platform dependent!
2025-07-06 22:03:45,047 [Worker-51: Building] INFO  o.a.m.s.f.DefaultMavenResourcesFiltering - Copying 0 resource from src\test\resources to target\test-classes
2025-07-06 22:04:20,532 [Worker-47: Building] WARN  o.a.m.s.f.DefaultMavenResourcesFiltering - Using platform encoding (UTF-8 actually) to copy filtered resources, i.e. build is platform dependent!
2025-07-06 22:04:20,534 [Worker-47: Building] INFO  o.a.m.s.f.DefaultMavenResourcesFiltering - Copying 0 resource from src\main\resources to target\classes
2025-07-06 22:04:20,541 [Worker-47: Building] WARN  o.a.m.s.f.DefaultMavenResourcesFiltering - Using platform encoding (UTF-8 actually) to copy filtered resources, i.e. build is platform dependent!
2025-07-06 22:04:20,543 [Worker-47: Building] INFO  o.a.m.s.f.DefaultMavenResourcesFiltering - Copying 0 resource from src\test\resources to target\test-classes
2025-07-06 22:09:24,143 [Worker-53: Building] WARN  o.a.m.s.f.DefaultMavenResourcesFiltering - Using platform encoding (UTF-8 actually) to copy filtered resources, i.e. build is platform dependent!
2025-07-06 22:09:24,147 [Worker-53: Building] INFO  o.a.m.s.f.DefaultMavenResourcesFiltering - Copying 0 resource from src\main\resources to target\classes
2025-07-06 22:09:24,154 [Worker-53: Building] WARN  o.a.m.s.f.DefaultMavenResourcesFiltering - Using platform encoding (UTF-8 actually) to copy filtered resources, i.e. build is platform dependent!
2025-07-06 22:09:24,158 [Worker-53: Building] INFO  o.a.m.s.f.DefaultMavenResourcesFiltering - Copying 0 resource from src\test\resources to target\test-classes
2025-07-06 22:09:27,231 [Worker-52: Building] WARN  o.a.m.s.f.DefaultMavenResourcesFiltering - Using platform encoding (UTF-8 actually) to copy filtered resources, i.e. build is platform dependent!
2025-07-06 22:09:27,233 [Worker-52: Building] INFO  o.a.m.s.f.DefaultMavenResourcesFiltering - Copying 0 resource from src\main\resources to target\classes
2025-07-06 22:09:27,238 [Worker-52: Building] WARN  o.a.m.s.f.DefaultMavenResourcesFiltering - Using platform encoding (UTF-8 actually) to copy filtered resources, i.e. build is platform dependent!
2025-07-06 22:09:27,241 [Worker-52: Building] INFO  o.a.m.s.f.DefaultMavenResourcesFiltering - Copying 0 resource from src\test\resources to target\test-classes
2025-07-06 22:11:28,529 [Worker-50: Building] WARN  o.a.m.s.f.DefaultMavenResourcesFiltering - Using platform encoding (UTF-8 actually) to copy filtered resources, i.e. build is platform dependent!
2025-07-06 22:11:28,533 [Worker-50: Building] INFO  o.a.m.s.f.DefaultMavenResourcesFiltering - Copying 0 resource from src\main\resources to target\classes
2025-07-06 22:11:28,538 [Worker-50: Building] WARN  o.a.m.s.f.DefaultMavenResourcesFiltering - Using platform encoding (UTF-8 actually) to copy filtered resources, i.e. build is platform dependent!
2025-07-06 22:11:28,542 [Worker-50: Building] INFO  o.a.m.s.f.DefaultMavenResourcesFiltering - Copying 0 resource from src\test\resources to target\test-classes
2025-07-06 22:12:29,004 [Worker-53: Building] WARN  o.a.m.s.f.DefaultMavenResourcesFiltering - Using platform encoding (UTF-8 actually) to copy filtered resources, i.e. build is platform dependent!
2025-07-06 22:12:29,008 [Worker-53: Building] INFO  o.a.m.s.f.DefaultMavenResourcesFiltering - Copying 0 resource from src\main\resources to target\classes
2025-07-06 22:12:29,015 [Worker-53: Building] WARN  o.a.m.s.f.DefaultMavenResourcesFiltering - Using platform encoding (UTF-8 actually) to copy filtered resources, i.e. build is platform dependent!
2025-07-06 22:12:29,018 [Worker-53: Building] INFO  o.a.m.s.f.DefaultMavenResourcesFiltering - Copying 0 resource from src\test\resources to target\test-classes
2025-07-06 22:19:42,096 [Worker-50: Building] WARN  o.a.m.s.f.DefaultMavenResourcesFiltering - Using platform encoding (UTF-8 actually) to copy filtered resources, i.e. build is platform dependent!
2025-07-06 22:19:42,100 [Worker-50: Building] INFO  o.a.m.s.f.DefaultMavenResourcesFiltering - Copying 0 resource from src\main\resources to target\classes
2025-07-06 22:19:42,105 [Worker-50: Building] WARN  o.a.m.s.f.DefaultMavenResourcesFiltering - Using platform encoding (UTF-8 actually) to copy filtered resources, i.e. build is platform dependent!
2025-07-06 22:19:42,108 [Worker-50: Building] INFO  o.a.m.s.f.DefaultMavenResourcesFiltering - Copying 0 resource from src\test\resources to target\test-classes
2025-07-06 22:23:02,186 [Worker-56: Building] WARN  o.a.m.s.f.DefaultMavenResourcesFiltering - Using platform encoding (UTF-8 actually) to copy filtered resources, i.e. build is platform dependent!
2025-07-06 22:23:02,188 [Worker-56: Building] INFO  o.a.m.s.f.DefaultMavenResourcesFiltering - Copying 0 resource from src\main\resources to target\classes
2025-07-06 22:23:02,193 [Worker-56: Building] WARN  o.a.m.s.f.DefaultMavenResourcesFiltering - Using platform encoding (UTF-8 actually) to copy filtered resources, i.e. build is platform dependent!
2025-07-06 22:23:02,196 [Worker-56: Building] INFO  o.a.m.s.f.DefaultMavenResourcesFiltering - Copying 0 resource from src\test\resources to target\test-classes
2025-07-06 22:23:51,655 [Worker-56: Building] WARN  o.a.m.s.f.DefaultMavenResourcesFiltering - Using platform encoding (UTF-8 actually) to copy filtered resources, i.e. build is platform dependent!
2025-07-06 22:23:51,659 [Worker-56: Building] INFO  o.a.m.s.f.DefaultMavenResourcesFiltering - Copying 0 resource from src\main\resources to target\classes
2025-07-06 22:23:51,664 [Worker-56: Building] WARN  o.a.m.s.f.DefaultMavenResourcesFiltering - Using platform encoding (UTF-8 actually) to copy filtered resources, i.e. build is platform dependent!
2025-07-06 22:23:51,667 [Worker-56: Building] INFO  o.a.m.s.f.DefaultMavenResourcesFiltering - Copying 0 resource from src\test\resources to target\test-classes
2025-07-06 22:24:15,099 [Worker-58: Building] WARN  o.a.m.s.f.DefaultMavenResourcesFiltering - Using platform encoding (UTF-8 actually) to copy filtered resources, i.e. build is platform dependent!
2025-07-06 22:24:15,101 [Worker-58: Building] INFO  o.a.m.s.f.DefaultMavenResourcesFiltering - Copying 0 resource from src\main\resources to target\classes
2025-07-06 22:24:15,106 [Worker-58: Building] WARN  o.a.m.s.f.DefaultMavenResourcesFiltering - Using platform encoding (UTF-8 actually) to copy filtered resources, i.e. build is platform dependent!
2025-07-06 22:24:15,109 [Worker-58: Building] INFO  o.a.m.s.f.DefaultMavenResourcesFiltering - Copying 0 resource from src\test\resources to target\test-classes
2025-07-06 22:25:32,551 [Worker-56: Building] WARN  o.a.m.s.f.DefaultMavenResourcesFiltering - Using platform encoding (UTF-8 actually) to copy filtered resources, i.e. build is platform dependent!
2025-07-06 22:25:32,554 [Worker-56: Building] INFO  o.a.m.s.f.DefaultMavenResourcesFiltering - Copying 0 resource from src\main\resources to target\classes
2025-07-06 22:25:32,560 [Worker-56: Building] WARN  o.a.m.s.f.DefaultMavenResourcesFiltering - Using platform encoding (UTF-8 actually) to copy filtered resources, i.e. build is platform dependent!
2025-07-06 22:25:32,563 [Worker-56: Building] INFO  o.a.m.s.f.DefaultMavenResourcesFiltering - Copying 0 resource from src\test\resources to target\test-classes
2025-07-06 22:27:02,130 [Worker-62: Building] WARN  o.a.m.s.f.DefaultMavenResourcesFiltering - Using platform encoding (UTF-8 actually) to copy filtered resources, i.e. build is platform dependent!
2025-07-06 22:27:02,135 [Worker-62: Building] INFO  o.a.m.s.f.DefaultMavenResourcesFiltering - Copying 0 resource from src\main\resources to target\classes
2025-07-06 22:27:02,141 [Worker-62: Building] WARN  o.a.m.s.f.DefaultMavenResourcesFiltering - Using platform encoding (UTF-8 actually) to copy filtered resources, i.e. build is platform dependent!
2025-07-06 22:27:02,145 [Worker-62: Building] INFO  o.a.m.s.f.DefaultMavenResourcesFiltering - Copying 0 resource from src\test\resources to target\test-classes
2025-07-06 22:28:06,524 [Worker-60: Building] WARN  o.a.m.s.f.DefaultMavenResourcesFiltering - Using platform encoding (UTF-8 actually) to copy filtered resources, i.e. build is platform dependent!
2025-07-06 22:28:06,528 [Worker-60: Building] INFO  o.a.m.s.f.DefaultMavenResourcesFiltering - Copying 0 resource from src\main\resources to target\classes
2025-07-06 22:28:06,534 [Worker-60: Building] WARN  o.a.m.s.f.DefaultMavenResourcesFiltering - Using platform encoding (UTF-8 actually) to copy filtered resources, i.e. build is platform dependent!
2025-07-06 22:28:06,537 [Worker-60: Building] INFO  o.a.m.s.f.DefaultMavenResourcesFiltering - Copying 0 resource from src\test\resources to target\test-classes
2025-07-06 22:30:12,140 [Worker-59: Building] WARN  o.a.m.s.f.DefaultMavenResourcesFiltering - Using platform encoding (UTF-8 actually) to copy filtered resources, i.e. build is platform dependent!
2025-07-06 22:30:12,144 [Worker-59: Building] INFO  o.a.m.s.f.DefaultMavenResourcesFiltering - Copying 0 resource from src\main\resources to target\classes
2025-07-06 22:30:12,150 [Worker-59: Building] WARN  o.a.m.s.f.DefaultMavenResourcesFiltering - Using platform encoding (UTF-8 actually) to copy filtered resources, i.e. build is platform dependent!
2025-07-06 22:30:12,154 [Worker-59: Building] INFO  o.a.m.s.f.DefaultMavenResourcesFiltering - Copying 0 resource from src\test\resources to target\test-classes
2025-07-06 22:30:18,747 [Worker-60: Building] WARN  o.a.m.s.f.DefaultMavenResourcesFiltering - Using platform encoding (UTF-8 actually) to copy filtered resources, i.e. build is platform dependent!
2025-07-06 22:30:18,750 [Worker-60: Building] INFO  o.a.m.s.f.DefaultMavenResourcesFiltering - Copying 0 resource from src\main\resources to target\classes
2025-07-06 22:30:18,756 [Worker-60: Building] WARN  o.a.m.s.f.DefaultMavenResourcesFiltering - Using platform encoding (UTF-8 actually) to copy filtered resources, i.e. build is platform dependent!
2025-07-06 22:30:18,759 [Worker-60: Building] INFO  o.a.m.s.f.DefaultMavenResourcesFiltering - Copying 0 resource from src\test\resources to target\test-classes
2025-07-06 22:30:56,652 [Worker-60: Building] WARN  o.a.m.s.f.DefaultMavenResourcesFiltering - Using platform encoding (UTF-8 actually) to copy filtered resources, i.e. build is platform dependent!
2025-07-06 22:30:56,656 [Worker-60: Building] INFO  o.a.m.s.f.DefaultMavenResourcesFiltering - Copying 0 resource from src\main\resources to target\classes
2025-07-06 22:30:56,661 [Worker-60: Building] WARN  o.a.m.s.f.DefaultMavenResourcesFiltering - Using platform encoding (UTF-8 actually) to copy filtered resources, i.e. build is platform dependent!
2025-07-06 22:30:56,664 [Worker-60: Building] INFO  o.a.m.s.f.DefaultMavenResourcesFiltering - Copying 0 resource from src\test\resources to target\test-classes
2025-07-06 22:31:41,569 [Worker-60: Building] WARN  o.a.m.s.f.DefaultMavenResourcesFiltering - Using platform encoding (UTF-8 actually) to copy filtered resources, i.e. build is platform dependent!
2025-07-06 22:31:41,571 [Worker-60: Building] INFO  o.a.m.s.f.DefaultMavenResourcesFiltering - Copying 0 resource from src\main\resources to target\classes
2025-07-06 22:31:41,576 [Worker-60: Building] WARN  o.a.m.s.f.DefaultMavenResourcesFiltering - Using platform encoding (UTF-8 actually) to copy filtered resources, i.e. build is platform dependent!
2025-07-06 22:31:41,580 [Worker-60: Building] INFO  o.a.m.s.f.DefaultMavenResourcesFiltering - Copying 0 resource from src\test\resources to target\test-classes
2025-07-06 22:32:13,200 [Worker-59: Building] WARN  o.a.m.s.f.DefaultMavenResourcesFiltering - Using platform encoding (UTF-8 actually) to copy filtered resources, i.e. build is platform dependent!
2025-07-06 22:32:13,205 [Worker-59: Building] INFO  o.a.m.s.f.DefaultMavenResourcesFiltering - Copying 0 resource from src\main\resources to target\classes
2025-07-06 22:32:13,210 [Worker-59: Building] WARN  o.a.m.s.f.DefaultMavenResourcesFiltering - Using platform encoding (UTF-8 actually) to copy filtered resources, i.e. build is platform dependent!
2025-07-06 22:32:13,213 [Worker-59: Building] INFO  o.a.m.s.f.DefaultMavenResourcesFiltering - Copying 0 resource from src\test\resources to target\test-classes
2025-07-06 22:32:19,894 [Worker-61: Building] WARN  o.a.m.s.f.DefaultMavenResourcesFiltering - Using platform encoding (UTF-8 actually) to copy filtered resources, i.e. build is platform dependent!
2025-07-06 22:32:19,897 [Worker-61: Building] INFO  o.a.m.s.f.DefaultMavenResourcesFiltering - Copying 0 resource from src\main\resources to target\classes
2025-07-06 22:32:19,902 [Worker-61: Building] WARN  o.a.m.s.f.DefaultMavenResourcesFiltering - Using platform encoding (UTF-8 actually) to copy filtered resources, i.e. build is platform dependent!
2025-07-06 22:32:19,905 [Worker-61: Building] INFO  o.a.m.s.f.DefaultMavenResourcesFiltering - Copying 0 resource from src\test\resources to target\test-classes
2025-07-06 22:32:23,659 [Worker-59: Building] WARN  o.a.m.s.f.DefaultMavenResourcesFiltering - Using platform encoding (UTF-8 actually) to copy filtered resources, i.e. build is platform dependent!
2025-07-06 22:32:23,662 [Worker-59: Building] INFO  o.a.m.s.f.DefaultMavenResourcesFiltering - Copying 0 resource from src\main\resources to target\classes
2025-07-06 22:32:23,667 [Worker-59: Building] WARN  o.a.m.s.f.DefaultMavenResourcesFiltering - Using platform encoding (UTF-8 actually) to copy filtered resources, i.e. build is platform dependent!
2025-07-06 22:32:23,670 [Worker-59: Building] INFO  o.a.m.s.f.DefaultMavenResourcesFiltering - Copying 0 resource from src\test\resources to target\test-classes
2025-07-06 22:32:28,300 [Worker-56: Building] WARN  o.a.m.s.f.DefaultMavenResourcesFiltering - Using platform encoding (UTF-8 actually) to copy filtered resources, i.e. build is platform dependent!
2025-07-06 22:32:28,304 [Worker-56: Building] INFO  o.a.m.s.f.DefaultMavenResourcesFiltering - Copying 0 resource from src\main\resources to target\classes
2025-07-06 22:32:28,311 [Worker-56: Building] WARN  o.a.m.s.f.DefaultMavenResourcesFiltering - Using platform encoding (UTF-8 actually) to copy filtered resources, i.e. build is platform dependent!
2025-07-06 22:32:28,314 [Worker-56: Building] INFO  o.a.m.s.f.DefaultMavenResourcesFiltering - Copying 0 resource from src\test\resources to target\test-classes
2025-07-06 22:41:04,775 [Worker-60: Building] WARN  o.a.m.s.f.DefaultMavenResourcesFiltering - Using platform encoding (UTF-8 actually) to copy filtered resources, i.e. build is platform dependent!
2025-07-06 22:41:04,778 [Worker-60: Building] INFO  o.a.m.s.f.DefaultMavenResourcesFiltering - Copying 0 resource from src\main\resources to target\classes
2025-07-06 22:41:04,782 [Worker-60: Building] WARN  o.a.m.s.f.DefaultMavenResourcesFiltering - Using platform encoding (UTF-8 actually) to copy filtered resources, i.e. build is platform dependent!
2025-07-06 22:41:04,786 [Worker-60: Building] INFO  o.a.m.s.f.DefaultMavenResourcesFiltering - Copying 0 resource from src\test\resources to target\test-classes
2025-07-06 22:50:08,865 [Worker-62: Building] WARN  o.a.m.s.f.DefaultMavenResourcesFiltering - Using platform encoding (UTF-8 actually) to copy filtered resources, i.e. build is platform dependent!
2025-07-06 22:50:08,868 [Worker-62: Building] INFO  o.a.m.s.f.DefaultMavenResourcesFiltering - Copying 0 resource from src\main\resources to target\classes
2025-07-06 22:50:08,872 [Worker-62: Building] WARN  o.a.m.s.f.DefaultMavenResourcesFiltering - Using platform encoding (UTF-8 actually) to copy filtered resources, i.e. build is platform dependent!
2025-07-06 22:50:08,875 [Worker-62: Building] INFO  o.a.m.s.f.DefaultMavenResourcesFiltering - Copying 0 resource from src\test\resources to target\test-classes
2025-07-06 22:51:17,132 [Worker-67: Building] WARN  o.a.m.s.f.DefaultMavenResourcesFiltering - Using platform encoding (UTF-8 actually) to copy filtered resources, i.e. build is platform dependent!
2025-07-06 22:51:17,135 [Worker-67: Building] INFO  o.a.m.s.f.DefaultMavenResourcesFiltering - Copying 0 resource from src\main\resources to target\classes
2025-07-06 22:51:17,140 [Worker-67: Building] WARN  o.a.m.s.f.DefaultMavenResourcesFiltering - Using platform encoding (UTF-8 actually) to copy filtered resources, i.e. build is platform dependent!
2025-07-06 22:51:17,143 [Worker-67: Building] INFO  o.a.m.s.f.DefaultMavenResourcesFiltering - Copying 0 resource from src\test\resources to target\test-classes
2025-07-06 22:53:21,664 [Worker-68: Building] WARN  o.a.m.s.f.DefaultMavenResourcesFiltering - Using platform encoding (UTF-8 actually) to copy filtered resources, i.e. build is platform dependent!
2025-07-06 22:53:21,666 [Worker-68: Building] INFO  o.a.m.s.f.DefaultMavenResourcesFiltering - Copying 0 resource from src\main\resources to target\classes
2025-07-06 22:53:21,670 [Worker-68: Building] WARN  o.a.m.s.f.DefaultMavenResourcesFiltering - Using platform encoding (UTF-8 actually) to copy filtered resources, i.e. build is platform dependent!
2025-07-06 22:53:21,673 [Worker-68: Building] INFO  o.a.m.s.f.DefaultMavenResourcesFiltering - Copying 0 resource from src\test\resources to target\test-classes
2025-07-06 22:53:40,618 [Worker-68: Building] WARN  o.a.m.s.f.DefaultMavenResourcesFiltering - Using platform encoding (UTF-8 actually) to copy filtered resources, i.e. build is platform dependent!
2025-07-06 22:53:40,626 [Worker-68: Building] INFO  o.a.m.s.f.DefaultMavenResourcesFiltering - Copying 0 resource from src\main\resources to target\classes
2025-07-06 22:53:40,632 [Worker-68: Building] WARN  o.a.m.s.f.DefaultMavenResourcesFiltering - Using platform encoding (UTF-8 actually) to copy filtered resources, i.e. build is platform dependent!
2025-07-06 22:53:40,636 [Worker-68: Building] INFO  o.a.m.s.f.DefaultMavenResourcesFiltering - Copying 0 resource from src\test\resources to target\test-classes
2025-07-06 22:54:54,171 [Worker-68: Building] WARN  o.a.m.s.f.DefaultMavenResourcesFiltering - Using platform encoding (UTF-8 actually) to copy filtered resources, i.e. build is platform dependent!
2025-07-06 22:54:54,174 [Worker-68: Building] INFO  o.a.m.s.f.DefaultMavenResourcesFiltering - Copying 0 resource from src\main\resources to target\classes
2025-07-06 22:54:54,180 [Worker-68: Building] WARN  o.a.m.s.f.DefaultMavenResourcesFiltering - Using platform encoding (UTF-8 actually) to copy filtered resources, i.e. build is platform dependent!
2025-07-06 22:54:54,182 [Worker-68: Building] INFO  o.a.m.s.f.DefaultMavenResourcesFiltering - Copying 0 resource from src\test\resources to target\test-classes
2025-07-06 23:01:28,651 [Worker-69: Building] WARN  o.a.m.s.f.DefaultMavenResourcesFiltering - Using platform encoding (UTF-8 actually) to copy filtered resources, i.e. build is platform dependent!
2025-07-06 23:01:28,656 [Worker-69: Building] INFO  o.a.m.s.f.DefaultMavenResourcesFiltering - Copying 0 resource from src\main\resources to target\classes
2025-07-06 23:01:28,661 [Worker-69: Building] WARN  o.a.m.s.f.DefaultMavenResourcesFiltering - Using platform encoding (UTF-8 actually) to copy filtered resources, i.e. build is platform dependent!
2025-07-06 23:01:28,665 [Worker-69: Building] INFO  o.a.m.s.f.DefaultMavenResourcesFiltering - Copying 0 resource from src\test\resources to target\test-classes
2025-07-06 23:05:06,792 [Worker-67: Building] WARN  o.a.m.s.f.DefaultMavenResourcesFiltering - Using platform encoding (UTF-8 actually) to copy filtered resources, i.e. build is platform dependent!
2025-07-06 23:05:06,794 [Worker-67: Building] INFO  o.a.m.s.f.DefaultMavenResourcesFiltering - Copying 0 resource from src\main\resources to target\classes
2025-07-06 23:05:06,798 [Worker-67: Building] WARN  o.a.m.s.f.DefaultMavenResourcesFiltering - Using platform encoding (UTF-8 actually) to copy filtered resources, i.e. build is platform dependent!
2025-07-06 23:05:06,801 [Worker-67: Building] INFO  o.a.m.s.f.DefaultMavenResourcesFiltering - Copying 0 resource from src\test\resources to target\test-classes
2025-07-06 23:06:59,948 [Worker-73: Building] WARN  o.a.m.s.f.DefaultMavenResourcesFiltering - Using platform encoding (UTF-8 actually) to copy filtered resources, i.e. build is platform dependent!
2025-07-06 23:06:59,951 [Worker-73: Building] INFO  o.a.m.s.f.DefaultMavenResourcesFiltering - Copying 0 resource from src\main\resources to target\classes
2025-07-06 23:06:59,955 [Worker-73: Building] WARN  o.a.m.s.f.DefaultMavenResourcesFiltering - Using platform encoding (UTF-8 actually) to copy filtered resources, i.e. build is platform dependent!
2025-07-06 23:06:59,958 [Worker-73: Building] INFO  o.a.m.s.f.DefaultMavenResourcesFiltering - Copying 0 resource from src\test\resources to target\test-classes
2025-07-06 23:07:17,379 [Worker-75: Building] WARN  o.a.m.s.f.DefaultMavenResourcesFiltering - Using platform encoding (UTF-8 actually) to copy filtered resources, i.e. build is platform dependent!
2025-07-06 23:07:17,382 [Worker-75: Building] INFO  o.a.m.s.f.DefaultMavenResourcesFiltering - Copying 0 resource from src\main\resources to target\classes
2025-07-06 23:07:17,386 [Worker-75: Building] WARN  o.a.m.s.f.DefaultMavenResourcesFiltering - Using platform encoding (UTF-8 actually) to copy filtered resources, i.e. build is platform dependent!
2025-07-06 23:07:17,389 [Worker-75: Building] INFO  o.a.m.s.f.DefaultMavenResourcesFiltering - Copying 0 resource from src\test\resources to target\test-classes
2025-07-06 23:10:38,977 [Worker-78: Building] WARN  o.a.m.s.f.DefaultMavenResourcesFiltering - Using platform encoding (UTF-8 actually) to copy filtered resources, i.e. build is platform dependent!
2025-07-06 23:10:38,982 [Worker-78: Building] INFO  o.a.m.s.f.DefaultMavenResourcesFiltering - Copying 0 resource from src\main\resources to target\classes
2025-07-06 23:10:38,988 [Worker-78: Building] WARN  o.a.m.s.f.DefaultMavenResourcesFiltering - Using platform encoding (UTF-8 actually) to copy filtered resources, i.e. build is platform dependent!
2025-07-06 23:10:38,991 [Worker-78: Building] INFO  o.a.m.s.f.DefaultMavenResourcesFiltering - Copying 0 resource from src\test\resources to target\test-classes
2025-07-06 23:10:45,937 [Worker-78: Building] WARN  o.a.m.s.f.DefaultMavenResourcesFiltering - Using platform encoding (UTF-8 actually) to copy filtered resources, i.e. build is platform dependent!
2025-07-06 23:10:45,940 [Worker-78: Building] INFO  o.a.m.s.f.DefaultMavenResourcesFiltering - Copying 0 resource from src\main\resources to target\classes
2025-07-06 23:10:45,944 [Worker-78: Building] WARN  o.a.m.s.f.DefaultMavenResourcesFiltering - Using platform encoding (UTF-8 actually) to copy filtered resources, i.e. build is platform dependent!
2025-07-06 23:10:45,947 [Worker-78: Building] INFO  o.a.m.s.f.DefaultMavenResourcesFiltering - Copying 0 resource from src\test\resources to target\test-classes
2025-07-06 23:16:28,308 [Worker-77: Building] WARN  o.a.m.s.f.DefaultMavenResourcesFiltering - Using platform encoding (UTF-8 actually) to copy filtered resources, i.e. build is platform dependent!
2025-07-06 23:16:28,310 [Worker-77: Building] INFO  o.a.m.s.f.DefaultMavenResourcesFiltering - Copying 0 resource from src\main\resources to target\classes
2025-07-06 23:16:28,314 [Worker-77: Building] WARN  o.a.m.s.f.DefaultMavenResourcesFiltering - Using platform encoding (UTF-8 actually) to copy filtered resources, i.e. build is platform dependent!
2025-07-06 23:16:28,317 [Worker-77: Building] INFO  o.a.m.s.f.DefaultMavenResourcesFiltering - Copying 0 resource from src\test\resources to target\test-classes
2025-07-06 23:16:51,912 [Worker-80: Building] WARN  o.a.m.s.f.DefaultMavenResourcesFiltering - Using platform encoding (UTF-8 actually) to copy filtered resources, i.e. build is platform dependent!
2025-07-06 23:16:51,915 [Worker-80: Building] INFO  o.a.m.s.f.DefaultMavenResourcesFiltering - Copying 0 resource from src\main\resources to target\classes
2025-07-06 23:16:51,918 [Worker-80: Building] WARN  o.a.m.s.f.DefaultMavenResourcesFiltering - Using platform encoding (UTF-8 actually) to copy filtered resources, i.e. build is platform dependent!
2025-07-06 23:16:51,921 [Worker-80: Building] INFO  o.a.m.s.f.DefaultMavenResourcesFiltering - Copying 0 resource from src\test\resources to target\test-classes
2025-07-06 23:17:03,582 [Worker-81: Building] WARN  o.a.m.s.f.DefaultMavenResourcesFiltering - Using platform encoding (UTF-8 actually) to copy filtered resources, i.e. build is platform dependent!
2025-07-06 23:17:03,585 [Worker-81: Building] INFO  o.a.m.s.f.DefaultMavenResourcesFiltering - Copying 0 resource from src\main\resources to target\classes
2025-07-06 23:17:03,589 [Worker-81: Building] WARN  o.a.m.s.f.DefaultMavenResourcesFiltering - Using platform encoding (UTF-8 actually) to copy filtered resources, i.e. build is platform dependent!
2025-07-06 23:17:03,591 [Worker-81: Building] INFO  o.a.m.s.f.DefaultMavenResourcesFiltering - Copying 0 resource from src\test\resources to target\test-classes
2025-07-06 23:27:28,152 [Worker-84: Building] WARN  o.a.m.s.f.DefaultMavenResourcesFiltering - Using platform encoding (UTF-8 actually) to copy filtered resources, i.e. build is platform dependent!
2025-07-06 23:27:28,156 [Worker-84: Building] INFO  o.a.m.s.f.DefaultMavenResourcesFiltering - Copying 0 resource from src\main\resources to target\classes
2025-07-06 23:27:28,160 [Worker-84: Building] WARN  o.a.m.s.f.DefaultMavenResourcesFiltering - Using platform encoding (UTF-8 actually) to copy filtered resources, i.e. build is platform dependent!
2025-07-06 23:27:28,163 [Worker-84: Building] INFO  o.a.m.s.f.DefaultMavenResourcesFiltering - Copying 0 resource from src\test\resources to target\test-classes
2025-07-06 23:28:00,737 [Worker-83: Building] WARN  o.a.m.s.f.DefaultMavenResourcesFiltering - Using platform encoding (UTF-8 actually) to copy filtered resources, i.e. build is platform dependent!
2025-07-06 23:28:00,739 [Worker-83: Building] INFO  o.a.m.s.f.DefaultMavenResourcesFiltering - Copying 0 resource from src\main\resources to target\classes
2025-07-06 23:28:00,743 [Worker-83: Building] WARN  o.a.m.s.f.DefaultMavenResourcesFiltering - Using platform encoding (UTF-8 actually) to copy filtered resources, i.e. build is platform dependent!
2025-07-06 23:28:00,746 [Worker-83: Building] INFO  o.a.m.s.f.DefaultMavenResourcesFiltering - Copying 0 resource from src\test\resources to target\test-classes
2025-07-07 00:22:36,882 [Worker-98: Importing Maven projects] INFO  o.e.m.c.i.l.LifecycleMappingFactory - Using org.eclipse.m2e.jdt.JarLifecycleMapping lifecycle mapping for MavenProject: YatraCalendarAutomation:YatraCalendarAutomation:0.0.1-SNAPSHOT @ D:\VINAYAK\Automation\YatraAutomation\YatraCalendarAutomation\pom.xml.
2025-07-07 00:22:37,729 [Worker-98: Importing Maven projects] INFO  o.e.m.j.i.AbstractJavaProjectConfigurator - Adding source folder /Yatra New/src/main/java
2025-07-07 00:22:37,733 [Worker-98: Importing Maven projects] INFO  o.e.m.j.i.AbstractJavaProjectConfigurator - Adding resource folder /Yatra New/src/main/resources
2025-07-07 00:22:37,735 [Worker-98: Importing Maven projects] INFO  o.e.m.j.i.AbstractJavaProjectConfigurator - Adding source folder /Yatra New/src/test/java
2025-07-07 00:22:37,737 [Worker-98: Importing Maven projects] INFO  o.e.m.j.i.AbstractJavaProjectConfigurator - Adding resource folder /Yatra New/src/test/resources
2025-07-07 00:22:38,044 [Worker-98: Importing Maven projects] INFO  o.e.m.c.i.p.ProjectConfigurationManager - Imported and configured 1 project(s) in 5 sec
2025-07-07 00:22:39,020 [Worker-104: Building] WARN  o.a.m.s.f.DefaultMavenResourcesFiltering - Using platform encoding (UTF-8 actually) to copy filtered resources, i.e. build is platform dependent!
2025-07-07 00:22:39,023 [Worker-104: Building] INFO  o.a.m.s.f.DefaultMavenResourcesFiltering - Copying 0 resource from src\main\resources to target\classes
2025-07-07 00:22:39,028 [Worker-104: Building] WARN  o.a.m.s.f.DefaultMavenResourcesFiltering - Using platform encoding (UTF-8 actually) to copy filtered resources, i.e. build is platform dependent!
2025-07-07 00:22:39,032 [Worker-104: Building] INFO  o.a.m.s.f.DefaultMavenResourcesFiltering - Copying 0 resource from src\test\resources to target\test-classes
2025-07-07 00:53:56,807 [Worker-112: Updating Maven Dependencies] ERROR o.e.m.j.i.l.MavenLaunchConfigurationListener - Launch configuration YatraAutomationScript references closed project YatraCalendarAutomation
org.eclipse.core.runtime.CoreException: Launch configuration YatraAutomationScript references closed project YatraCalendarAutomation
	at org.eclipse.jdt.launching.JavaRuntime.abort(JavaRuntime.java:1871)
	at org.eclipse.jdt.launching.JavaRuntime.getJavaProject(JavaRuntime.java:1745)
	at org.eclipse.m2e.jdt.internal.launch.MavenLaunchConfigurationListener.updateLaunchConfiguration(MavenLaunchConfigurationListener.java:66)
	at org.eclipse.m2e.jdt.internal.launch.MavenLaunchConfigurationListener.launchConfigurationChanged(MavenLaunchConfigurationListener.java:52)
	at org.eclipse.debug.internal.core.LaunchManager$ConfigurationNotifier.run(LaunchManager.java:220)
	at org.eclipse.core.runtime.SafeRunner.run(SafeRunner.java:47)
	at org.eclipse.debug.internal.core.LaunchManager$ConfigurationNotifier.notify(LaunchManager.java:204)
	at org.eclipse.debug.internal.core.LaunchConfigurationWorkingCopy.setDirty(LaunchConfigurationWorkingCopy.java:527)
	at org.eclipse.debug.internal.core.LaunchConfigurationWorkingCopy.setAttribute(LaunchConfigurationWorkingCopy.java:415)
	at org.eclipse.m2e.jdt.internal.launch.MavenRuntimeClasspathProvider.disable(MavenRuntimeClasspathProvider.java:409)
	at org.eclipse.m2e.jdt.internal.launch.MavenRuntimeClasspathProvider.disable(MavenRuntimeClasspathProvider.java:435)
	at org.eclipse.m2e.jdt.internal.launch.MavenLaunchConfigurationListener.mavenProjectChanged(MavenLaunchConfigurationListener.java:137)
	at org.eclipse.m2e.core.internal.project.registry.ProjectRegistryManager.notifyProjectChangeListeners(ProjectRegistryManager.java:892)
	at org.eclipse.m2e.core.internal.project.registry.ProjectRegistryManager.applyMutableProjectRegistry(ProjectRegistryManager.java:1042)
	at org.eclipse.m2e.core.internal.project.registry.ProjectRegistryRefreshJob.lambda$0(ProjectRegistryRefreshJob.java:162)
	at org.eclipse.m2e.core.internal.embedder.MavenExecutionContext.executeBare(MavenExecutionContext.java:458)
	at org.eclipse.m2e.core.internal.embedder.MavenExecutionContext.execute(MavenExecutionContext.java:339)
	at org.eclipse.m2e.core.internal.embedder.MavenExecutionContext.execute(MavenExecutionContext.java:278)
	at org.eclipse.m2e.core.internal.project.registry.ProjectRegistryRefreshJob.run(ProjectRegistryRefreshJob.java:106)
	at org.eclipse.core.internal.jobs.Worker.run(Worker.java:63)
2025-07-07 00:53:56,851 [Worker-112: Updating Maven Dependencies] ERROR o.e.m.j.i.l.MavenLaunchConfigurationListener - Launch configuration YatraAutomationScript references closed project YatraCalendarAutomation
org.eclipse.core.runtime.CoreException: Launch configuration YatraAutomationScript references closed project YatraCalendarAutomation
	at org.eclipse.jdt.launching.JavaRuntime.abort(JavaRuntime.java:1871)
	at org.eclipse.jdt.launching.JavaRuntime.getJavaProject(JavaRuntime.java:1745)
	at org.eclipse.m2e.jdt.internal.launch.MavenLaunchConfigurationListener.updateLaunchConfiguration(MavenLaunchConfigurationListener.java:66)
	at org.eclipse.m2e.jdt.internal.launch.MavenLaunchConfigurationListener.launchConfigurationChanged(MavenLaunchConfigurationListener.java:52)
	at org.eclipse.debug.internal.core.LaunchManager$ConfigurationNotifier.run(LaunchManager.java:220)
	at org.eclipse.core.runtime.SafeRunner.run(SafeRunner.java:47)
	at org.eclipse.debug.internal.core.LaunchManager$ConfigurationNotifier.notify(LaunchManager.java:204)
	at org.eclipse.debug.internal.core.LaunchConfigurationWorkingCopy.setDirty(LaunchConfigurationWorkingCopy.java:527)
	at org.eclipse.debug.internal.core.LaunchConfigurationWorkingCopy.setAttribute(LaunchConfigurationWorkingCopy.java:415)
	at org.eclipse.m2e.jdt.internal.launch.MavenRuntimeClasspathProvider.disable(MavenRuntimeClasspathProvider.java:410)
	at org.eclipse.m2e.jdt.internal.launch.MavenRuntimeClasspathProvider.disable(MavenRuntimeClasspathProvider.java:435)
	at org.eclipse.m2e.jdt.internal.launch.MavenLaunchConfigurationListener.mavenProjectChanged(MavenLaunchConfigurationListener.java:137)
	at org.eclipse.m2e.core.internal.project.registry.ProjectRegistryManager.notifyProjectChangeListeners(ProjectRegistryManager.java:892)
	at org.eclipse.m2e.core.internal.project.registry.ProjectRegistryManager.applyMutableProjectRegistry(ProjectRegistryManager.java:1042)
	at org.eclipse.m2e.core.internal.project.registry.ProjectRegistryRefreshJob.lambda$0(ProjectRegistryRefreshJob.java:162)
	at org.eclipse.m2e.core.internal.embedder.MavenExecutionContext.executeBare(MavenExecutionContext.java:458)
	at org.eclipse.m2e.core.internal.embedder.MavenExecutionContext.execute(MavenExecutionContext.java:339)
	at org.eclipse.m2e.core.internal.embedder.MavenExecutionContext.execute(MavenExecutionContext.java:278)
	at org.eclipse.m2e.core.internal.project.registry.ProjectRegistryRefreshJob.run(ProjectRegistryRefreshJob.java:106)
	at org.eclipse.core.internal.jobs.Worker.run(Worker.java:63)
2025-07-07 00:53:56,862 [Worker-112: Updating Maven Dependencies] ERROR o.e.m.j.i.l.MavenLaunchConfigurationListener - Launch configuration YatraAutomationScript references closed project YatraCalendarAutomation
org.eclipse.core.runtime.CoreException: Launch configuration YatraAutomationScript references closed project YatraCalendarAutomation
	at org.eclipse.jdt.launching.JavaRuntime.abort(JavaRuntime.java:1871)
	at org.eclipse.jdt.launching.JavaRuntime.getJavaProject(JavaRuntime.java:1745)
	at org.eclipse.m2e.jdt.internal.launch.MavenLaunchConfigurationListener.updateLaunchConfiguration(MavenLaunchConfigurationListener.java:66)
	at org.eclipse.m2e.jdt.internal.launch.MavenLaunchConfigurationListener.launchConfigurationChanged(MavenLaunchConfigurationListener.java:52)
	at org.eclipse.debug.internal.core.LaunchManager$ConfigurationNotifier.run(LaunchManager.java:220)
	at org.eclipse.core.runtime.SafeRunner.run(SafeRunner.java:47)
	at org.eclipse.debug.internal.core.LaunchManager$ConfigurationNotifier.notify(LaunchManager.java:204)
	at org.eclipse.debug.internal.core.LaunchManager.launchConfigurationChanged(LaunchManager.java:2009)
	at org.eclipse.debug.internal.core.LaunchConfigurationWorkingCopy.writeNewFile(LaunchConfigurationWorkingCopy.java:380)
	at org.eclipse.debug.internal.core.LaunchConfigurationWorkingCopy.doSave0(LaunchConfigurationWorkingCopy.java:259)
	at org.eclipse.debug.internal.core.LaunchConfigurationWorkingCopy.doSave(LaunchConfigurationWorkingCopy.java:229)
	at org.eclipse.debug.internal.core.LaunchConfigurationWorkingCopy.doSave(LaunchConfigurationWorkingCopy.java:187)
	at org.eclipse.m2e.jdt.internal.launch.MavenRuntimeClasspathProvider.disable(MavenRuntimeClasspathProvider.java:411)
	at org.eclipse.m2e.jdt.internal.launch.MavenRuntimeClasspathProvider.disable(MavenRuntimeClasspathProvider.java:435)
	at org.eclipse.m2e.jdt.internal.launch.MavenLaunchConfigurationListener.mavenProjectChanged(MavenLaunchConfigurationListener.java:137)
	at org.eclipse.m2e.core.internal.project.registry.ProjectRegistryManager.notifyProjectChangeListeners(ProjectRegistryManager.java:892)
	at org.eclipse.m2e.core.internal.project.registry.ProjectRegistryManager.applyMutableProjectRegistry(ProjectRegistryManager.java:1042)
	at org.eclipse.m2e.core.internal.project.registry.ProjectRegistryRefreshJob.lambda$0(ProjectRegistryRefreshJob.java:162)
	at org.eclipse.m2e.core.internal.embedder.MavenExecutionContext.executeBare(MavenExecutionContext.java:458)
	at org.eclipse.m2e.core.internal.embedder.MavenExecutionContext.execute(MavenExecutionContext.java:339)
	at org.eclipse.m2e.core.internal.embedder.MavenExecutionContext.execute(MavenExecutionContext.java:278)
	at org.eclipse.m2e.core.internal.project.registry.ProjectRegistryRefreshJob.run(ProjectRegistryRefreshJob.java:106)
	at org.eclipse.core.internal.jobs.Worker.run(Worker.java:63)
2025-07-07 00:54:06,178 [Worker-113: Updating Maven Dependencies] INFO  o.e.m.c.i.l.LifecycleMappingFactory - Using org.eclipse.m2e.jdt.JarLifecycleMapping lifecycle mapping for MavenProject: YatraCalendarAutomation:YatraCalendarAutomation:0.0.1-SNAPSHOT @ D:\VINAYAK\Vinayak_SeleniumDemos\YatraCalendarAutomation\pom.xml.
2025-07-07 01:14:27,366 [Worker-126: Building] WARN  o.a.m.s.f.DefaultMavenResourcesFiltering - Using platform encoding (UTF-8 actually) to copy filtered resources, i.e. build is platform dependent!
2025-07-07 01:14:27,370 [Worker-126: Building] INFO  o.a.m.s.f.DefaultMavenResourcesFiltering - Copying 0 resource from src\main\resources to target\classes
2025-07-07 01:14:27,375 [Worker-126: Building] WARN  o.a.m.s.f.DefaultMavenResourcesFiltering - Using platform encoding (UTF-8 actually) to copy filtered resources, i.e. build is platform dependent!
2025-07-07 01:14:27,377 [Worker-126: Building] INFO  o.a.m.s.f.DefaultMavenResourcesFiltering - Copying 0 resource from src\test\resources to target\test-classes
2025-07-07 01:15:23,126 [Worker-128: Building] WARN  o.a.m.s.f.DefaultMavenResourcesFiltering - Using platform encoding (UTF-8 actually) to copy filtered resources, i.e. build is platform dependent!
2025-07-07 01:15:23,130 [Worker-128: Building] INFO  o.a.m.s.f.DefaultMavenResourcesFiltering - Copying 0 resource from src\main\resources to target\classes
2025-07-07 01:15:23,134 [Worker-128: Building] WARN  o.a.m.s.f.DefaultMavenResourcesFiltering - Using platform encoding (UTF-8 actually) to copy filtered resources, i.e. build is platform dependent!
2025-07-07 01:15:23,138 [Worker-128: Building] INFO  o.a.m.s.f.DefaultMavenResourcesFiltering - Copying 0 resource from src\test\resources to target\test-classes
2025-07-07 12:49:15,715 [Worker-5: Loading available Gradle versions] INFO  o.e.b.c.i.u.g.PublishedGradleVersions - Gradle version information cache is out-of-date. Trying to update.
2025-07-07 19:35:42,281 [Worker-19: Loading available Gradle versions] INFO  o.e.b.c.i.u.g.PublishedGradleVersions - Gradle version information cache is up-to-date. Trying to read.
2025-07-08 08:34:36,164 [Worker-17: Loading available Gradle versions] INFO  o.e.b.c.i.u.g.PublishedGradleVersions - Gradle version information cache is up-to-date. Trying to read.
2025-07-08 17:10:05,469 [Worker-27: Loading available Gradle versions] INFO  o.e.b.c.i.u.g.PublishedGradleVersions - Gradle version information cache is out-of-date. Trying to update.
